county,sub_county,date,rainfall_mm,temperature_avg,drought_index,flood_risk
Nairobi,Westlands,2025-03-01 23:20:11.517159,97.01965561179203,16.22426963349087,7.385331127492062,6.144222511005539
Nairobi,Westlands,2025-04-01 23:20:11.517159,86.00712982709813,24.347541534082946,9.049526961291098,3.854350071457814
Nairobi,Westlands,2025-05-01 23:20:11.517159,108.19391624716519,18.74264386969176,3.3584467134382434,3.1477949721440703
Nairobi,Westlands,2025-06-01 23:20:11.517159,94.62927864404652,23.844735823348948,9.103930690120801,6.169486005761331
Nairobi,Westlands,2025-07-01 23:20:11.517159,39.85851148459097,19.293736670475496,4.363357619942442,0.6479553558544193
Nairobi,Westlands,2025-08-01 23:20:11.517159,75.04725483870756,25.74137071135724,4.254544720152453,5.373695166040468
Nairobi,Westlands,2025-09-01 23:20:11.517159,61.565062828291914,28.79330850674127,8.693595776035384,7.742315597936288
Nairobi,Westlands,2025-10-01 23:20:11.517159,65.45166161948163,25.248519313240333,5.92793435913376,4.301233980780315
Nairobi,Westlands,2025-11-01 23:20:11.517159,33.277137616945765,10.569306951922409,4.480705549343496,3.394002641011965
Nairobi,Westlands,2025-12-01 23:20:11.517159,112.24962701544428,22.057258097315692,6.729098212964129,3.476428038347504
Nairobi,Westlands,2026-01-01 23:20:11.517159,105.46485699831601,26.837136440534238,0.0213385254297338,0.5497313340564647
Nairobi,Westlands,2026-02-01 23:20:11.517159,78.77606597487893,17.751615579090263,5.497180335409134,3.941116883272866
Nairobi,Dagoretti,2025-03-01 23:20:11.517159,90.16475187556705,22.837706576776284,7.2512839680690035,8.467249217157702
Nairobi,Dagoretti,2025-04-01 23:20:11.517159,147.79536227800068,16.86785254002868,3.5596552864630313,1.9838259281899717
Nairobi,Dagoretti,2025-05-01 23:20:11.517159,28.756300078529407,22.29614214651843,2.680600827777635,1.705775078279268
Nairobi,Dagoretti,2025-06-01 23:20:11.517159,82.35167966248585,16.534361005356722,9.649623926174053,9.75948749178408
Nairobi,Dagoretti,2025-07-01 23:20:11.517159,31.738267844877214,19.739669037353895,8.608950809202142,2.3473893941713664
Nairobi,Dagoretti,2025-08-01 23:20:11.517159,100.66309414780255,11.68726364222577,7.722224610052545,1.2826481371166987
Nairobi,Dagoretti,2025-09-01 23:20:11.517159,109.28906691549774,17.025419736125095,4.060734989177416,5.060789143435502
Nairobi,Dagoretti,2025-10-01 23:20:11.517159,91.00190985128674,18.05036183666173,3.742589141935678,8.590638762886385
Nairobi,Dagoretti,2025-11-01 23:20:11.517159,67.44991277964314,15.558329149872915,0.8237284814805224,8.067126175484518
Nairobi,Dagoretti,2025-12-01 23:20:11.517159,85.47590281800778,21.34106133036425,8.226859201236305,9.957624728293212
Nairobi,Dagoretti,2026-01-01 23:20:11.517159,69.21422651601432,33.42312006439363,0.061025227828498396,5.594497504353514
Nairobi,Dagoretti,2026-02-01 23:20:11.517159,105.59251066147814,24.330463095381884,3.7717663935774515,3.3043591974245787
Nairobi,Kamukunji,2025-03-01 23:20:11.517159,27.008793086032952,21.658060122700878,9.128758960650407,8.704099458568962
Nairobi,Kamukunji,2025-04-01 23:20:11.517159,24.626593549755214,23.21211337906969,9.833942746802363,9.0596524553364
Nairobi,Kamukunji,2025-05-01 23:20:11.517159,40.160477790185155,23.240549306845764,8.162577915437513,8.039306372780743
Nairobi,Kamukunji,2025-06-01 23:20:11.517159,125.5793264391902,23.545525571306275,5.811988614812712,9.566213189936382
Nairobi,Kamukunji,2025-07-01 23:20:11.517159,107.76871671603594,24.249462924388983,4.690916263775637,0.09005330882652651
Nairobi,Kamukunji,2025-08-01 23:20:11.517159,116.52362045499282,23.019101229751747,6.18128118456038,2.1790879156081444
Nairobi,Kamukunji,2025-09-01 23:20:11.517159,66.92347638792775,18.150428294017278,5.8252580788534525,0.24822661874214336
Nairobi,Kamukunji,2025-10-01 23:20:11.517159,90.12814122974194,38.478069766183054,8.29108526141799,5.575118392045253
Nairobi,Kamukunji,2025-11-01 23:20:11.517159,96.07009957323027,17.194946179923228,5.58133834240207,6.312253274387421
Nairobi,Kamukunji,2025-12-01 23:20:11.517159,26.42547485932574,21.68283556523536,3.5393666082486708,8.437753755516786
Nairobi,Kamukunji,2026-01-01 23:20:11.517159,64.6149547728506,26.7489781440919,3.213421915851642,6.652911743016624
Nairobi,Kamukunji,2026-02-01 23:20:11.517159,181.03773276091368,24.72991411921339,3.2392442759129816,4.2678844575579875
Nairobi,Embakasi,2025-03-01 23:20:11.517159,146.98636232918534,26.31133321266159,0.15044746296018485,2.477164140177981
Nairobi,Embakasi,2025-04-01 23:20:11.517159,108.12350359764343,21.680238700114238,5.825425921831097,1.0418991756791551
Nairobi,Embakasi,2025-05-01 23:20:11.517159,0.0,17.65276660760566,2.397997358328211,1.495933816957996
Nairobi,Embakasi,2025-06-01 23:20:11.517159,125.32571254441889,12.561211737221482,5.1354033329483855,6.370965115273353
Nairobi,Embakasi,2025-07-01 23:20:11.517159,47.12145189539105,19.137177817978554,1.6554075589462403,1.750981027458589
Nairobi,Embakasi,2025-08-01 23:20:11.517159,13.517757182960906,15.581398970648438,9.231247907126058,0.5644436853292978
Nairobi,Embakasi,2025-09-01 23:20:11.517159,49.1119428140407,12.204566103193788,8.826273921848008,3.072006641406595
Nairobi,Embakasi,2025-10-01 23:20:11.517159,79.05060435567323,16.642533649362072,1.0308050478056374,1.2378389391641054
Nairobi,Embakasi,2025-11-01 23:20:11.517159,103.12148000820595,25.447836122277216,9.690450614798902,0.9449570591415923
Nairobi,Embakasi,2025-12-01 23:20:11.517159,0.0,21.94054486075458,3.238564617077505,4.497491189830317
Nairobi,Embakasi,2026-01-01 23:20:11.517159,100.12340732782195,19.01656486676058,7.5267729563407535,2.9687236813025164
Nairobi,Embakasi,2026-02-01 23:20:11.517159,36.67124275800022,15.703179439185945,5.106155009220176,2.3743477825576687
Nairobi,Kibra,2025-03-01 23:20:11.517159,0.0,22.10199899636897,6.777773560388979,7.368177786658227
Nairobi,Kibra,2025-04-01 23:20:11.517159,91.66341124574478,21.402379860162494,2.508305560661838,2.8422436561024442
Nairobi,Kibra,2025-05-01 23:20:11.517159,44.96317863716857,21.89794264177283,3.1228484122920475,6.1552956792778275
Nairobi,Kibra,2025-06-01 23:20:11.517159,109.35012345201125,18.948955995840933,9.660963477032858,0.014764370046967956
Nairobi,Kibra,2025-07-01 23:20:11.517159,72.42845725330267,22.86972639370514,6.6698141575586405,0.9883378890601602
Nairobi,Kibra,2025-08-01 23:20:11.517159,86.22205798858711,18.02138917381483,3.1596626036057582,7.513634983217095
Nairobi,Kibra,2025-09-01 23:20:11.517159,60.648996220844396,24.88453126221547,7.911863964167014,7.181996395120445
Nairobi,Kibra,2025-10-01 23:20:11.517159,117.53265194419075,24.8098230565548,0.336319341402056,4.271712398455425
Nairobi,Kibra,2025-11-01 23:20:11.517159,88.98582306412914,19.94988309188005,3.905026778508467,3.082311066561998
Nairobi,Kibra,2025-12-01 23:20:11.517159,0.0,15.936138359893548,5.370670435328838,3.5928328748678426
Nairobi,Kibra,2026-01-01 23:20:11.517159,83.29105480959363,23.309362673796514,5.218946790626866,8.724201854182622
Nairobi,Kibra,2026-02-01 23:20:11.517159,99.66517796971063,19.9628433425396,8.882111363355857,4.095409370256206
Mombasa,Changamwe,2025-03-01 23:20:11.517159,18.653233028273526,12.78933537604398,1.7541308844553438,4.544994230388005
Mombasa,Changamwe,2025-04-01 23:20:11.517159,87.88067570443134,17.513207512235883,8.81153831499664,9.55070444337263
Mombasa,Changamwe,2025-05-01 23:20:11.517159,36.858105496681205,14.860252433168963,2.9308103660761153,3.912098539708937
Mombasa,Changamwe,2025-06-01 23:20:11.517159,65.80611423550017,25.468747794276247,4.205252228349497,6.981242542958047
Mombasa,Changamwe,2025-07-01 23:20:11.517159,92.70980347124794,28.110040032842683,8.62347345428622,3.187123026282299
Mombasa,Changamwe,2025-08-01 23:20:11.517159,29.076807027233016,24.639803623248902,0.3294834765305177,8.926773065342536
Mombasa,Changamwe,2025-09-01 23:20:11.517159,49.61137321477152,22.730481779178202,7.600554105992615,3.944615193285336
Mombasa,Changamwe,2025-10-01 23:20:11.517159,78.07143385454661,21.268799242811593,3.7120544920231104,0.21606974431078285
Mombasa,Changamwe,2025-11-01 23:20:11.517159,112.41699274732264,22.94443046671899,0.9583890771812331,4.284494400795692
Mombasa,Changamwe,2025-12-01 23:20:11.517159,71.7564452340559,29.69836778216534,5.577451934645991,9.665994729674264
Mombasa,Changamwe,2026-01-01 23:20:11.517159,57.86983677507148,14.99812884878829,7.372829799127504,7.692631076017058
Mombasa,Changamwe,2026-02-01 23:20:11.517159,94.67818323690074,21.37128856311969,9.761465570521423,6.337353776544291
Mombasa,Jomvu,2025-03-01 23:20:11.517159,104.20603220403109,23.990382596778026,1.2632564896584841,4.944093523780108
Mombasa,Jomvu,2025-04-01 23:20:11.517159,75.93235522516507,28.3857670518967,3.086163021248497,3.639484806576326
Mombasa,Jomvu,2025-05-01 23:20:11.517159,71.33722591352168,29.318689773773237,6.674281850745558,7.544760283545809
Mombasa,Jomvu,2025-06-01 23:20:11.517159,59.18984618050132,28.193325477961025,7.090122938707838,8.167006297485027
Mombasa,Jomvu,2025-07-01 23:20:11.517159,111.75165926043753,24.1022751406584,0.19822450960164217,3.426901660806786
Mombasa,Jomvu,2025-08-01 23:20:11.517159,79.34345262973338,20.035051487405305,9.997324701214485,7.199291501184417
Mombasa,Jomvu,2025-09-01 23:20:11.517159,122.61189181390446,25.42443970380145,5.634192244093416,1.1409592503664234
Mombasa,Jomvu,2025-10-01 23:20:11.517159,123.93523075474916,27.496860644371246,0.3432906795654411,1.0989596622315678
Mombasa,Jomvu,2025-11-01 23:20:11.517159,40.58568139439007,31.952744482070308,4.704276570466547,8.171879885481877
Mombasa,Jomvu,2025-12-01 23:20:11.517159,107.97104279550247,24.741706236809485,1.3005494214365354,9.916744839747212
Mombasa,Jomvu,2026-01-01 23:20:11.517159,134.98626510902417,9.634743657829793,2.0517124791769517,3.9300625142910475
Mombasa,Jomvu,2026-02-01 23:20:11.517159,122.14817715903345,18.314593985841363,6.239815205210592,6.136626589530937
Mombasa,Kisauni,2025-03-01 23:20:11.517159,68.10946604115514,26.087764584074183,6.606686452266786,7.383374560429246
Mombasa,Kisauni,2025-04-01 23:20:11.517159,58.14980553521531,17.101995357466812,0.7593468344209364,4.191103816191043
Mombasa,Kisauni,2025-05-01 23:20:11.517159,46.021132574640994,19.837849720491846,3.5858319109030745,5.6873563731130075
Mombasa,Kisauni,2025-06-01 23:20:11.517159,68.9882771421699,18.310807907766012,9.382968932093998,5.393491352409937
Mombasa,Kisauni,2025-07-01 23:20:11.517159,121.35524281572624,20.608809813997247,6.414594125930958,5.412738134644091
Mombasa,Kisauni,2025-08-01 23:20:11.517159,60.620971040934975,27.234188990684153,9.181950966018423,9.173221886418178
Mombasa,Kisauni,2025-09-01 23:20:11.517159,34.952209663122204,21.598448088825105,2.7836762464535116,3.5595522140583236
Mombasa,Kisauni,2025-10-01 23:20:11.517159,31.96118917639641,16.61149449025509,5.706509459746597,2.8057668897933374
Mombasa,Kisauni,2025-11-01 23:20:11.517159,9.705008682205673,17.020452503425336,1.6389523635869396,4.496568935708783
Mombasa,Kisauni,2025-12-01 23:20:11.517159,47.87673883036412,27.127373912884668,0.2431088064150433,8.079370920207271
Mombasa,Kisauni,2026-01-01 23:20:11.517159,78.89156434654319,23.92312528631808,5.602821087726886,5.1373906429862535
Mombasa,Kisauni,2026-02-01 23:20:11.517159,71.80706406880024,27.955906439800096,5.14895204365676,9.238363147956747
Mombasa,Nyali,2025-03-01 23:20:11.517159,128.75754032986447,21.12742038348527,4.024287266451622,3.7968534634365616
Mombasa,Nyali,2025-04-01 23:20:11.517159,3.775801543930015,19.153792117221208,0.7906199803831615,7.588829385341783
Mombasa,Nyali,2025-05-01 23:20:11.517159,55.00811418545426,14.630886459075526,9.056877079416736,5.805516786204343
Mombasa,Nyali,2025-06-01 23:20:11.517159,13.272737980737674,28.244514125659887,2.6788735443064313,4.589060612053758
Mombasa,Nyali,2025-07-01 23:20:11.517159,84.34417385508905,22.174682420934325,4.10910480780759,7.48170467053343
Mombasa,Nyali,2025-08-01 23:20:11.517159,46.00355703417246,23.928415400925132,3.676027948525004,4.374549387152832
Mombasa,Nyali,2025-09-01 23:20:11.517159,112.91012323183793,24.3568965925872,7.1236621356279874,8.214605673186293
Mombasa,Nyali,2025-10-01 23:20:11.517159,39.51815803284597,20.633154708353867,3.9263398833805283,4.042626841482262
Mombasa,Nyali,2025-11-01 23:20:11.517159,120.55978966349531,21.067611788788064,0.7132009856058519,0.9362663416307593
Mombasa,Nyali,2025-12-01 23:20:11.517159,112.53111579232723,23.38878698259463,7.2379791339697155,0.8750674432444006
Mombasa,Nyali,2026-01-01 23:20:11.517159,147.45236669944003,24.026817975471097,3.647491301529228,0.3826841824053939
Mombasa,Nyali,2026-02-01 23:20:11.517159,47.10765347005121,25.776419582094263,1.7132892125375188,5.820531233354812
Mombasa,Likoni,2025-03-01 23:20:11.517159,70.3831146248234,20.755826362264465,7.152185942240026,3.1128996696789524
Mombasa,Likoni,2025-04-01 23:20:11.517159,85.14720947104,23.824169793946457,6.196056437625177,6.38715412678458
Mombasa,Likoni,2025-05-01 23:20:11.517159,15.316725194478892,22.973436314647188,9.751518764441762,5.503810147975612
Mombasa,Likoni,2025-06-01 23:20:11.517159,74.6489119524636,22.42375942873461,1.4524338206217724,2.3391096577981427
Mombasa,Likoni,2025-07-01 23:20:11.517159,52.58995921435449,25.60682502398834,5.700850702562693,1.0137194756516432
Mombasa,Likoni,2025-08-01 23:20:11.517159,16.14720851919131,13.048867220910902,7.719521268823445,3.437866425201541
Mombasa,Likoni,2025-09-01 23:20:11.517159,128.53588025965124,20.490196834337983,0.05064790933440144,9.967889197158483
Mombasa,Likoni,2025-10-01 23:20:11.517159,98.3369340787653,20.054812625102358,8.24693545736568,5.427521838578978
Mombasa,Likoni,2025-11-01 23:20:11.517159,137.4044737310706,21.711226157666953,5.071244412108572,3.2845775546263223
Mombasa,Likoni,2025-12-01 23:20:11.517159,51.7186245642312,19.74290766633549,4.251078896035158,8.770058715102474
Mombasa,Likoni,2026-01-01 23:20:11.517159,73.75935558219956,31.071505686529804,4.258875572288536,1.006705643676189
Mombasa,Likoni,2026-02-01 23:20:11.517159,67.86699634926876,30.02232432501622,9.413797135754828,2.572583963083197
Kisumu,Kisumu East,2025-03-01 23:20:11.517159,89.02869210300506,18.10706119807033,3.3283361337750184,5.265994124970636
Kisumu,Kisumu East,2025-04-01 23:20:11.517159,102.28228439925894,19.482506772223594,1.5870313068060948,6.018418179233425
Kisumu,Kisumu East,2025-05-01 23:20:11.517159,137.3004191815358,19.87731743929704,7.139553040947031,7.65988161363998
Kisumu,Kisumu East,2025-06-01 23:20:11.517159,78.94828190440711,12.657268541276364,8.257654437624845,1.5445153569557224
Kisumu,Kisumu East,2025-07-01 23:20:11.517159,140.36354547593356,28.14403140679621,2.1414082268243972,4.4507930162831215
Kisumu,Kisumu East,2025-08-01 23:20:11.517159,56.02036780305353,28.265355885889402,5.2613757273231165,1.0027577905149399
Kisumu,Kisumu East,2025-09-01 23:20:11.517159,112.0784887199548,21.108123235389147,5.91460493404729,2.0843231684435484
Kisumu,Kisumu East,2025-10-01 23:20:11.517159,32.94601222059262,20.113545490244096,5.2247934800127425,7.2164814111070985
Kisumu,Kisumu East,2025-11-01 23:20:11.517159,36.03764748166418,24.5002514143006,9.93971239387028,6.087559602564244
Kisumu,Kisumu East,2025-12-01 23:20:11.517159,68.33889348202803,26.194490602054085,8.541864738048279,9.979350985524645
Kisumu,Kisumu East,2026-01-01 23:20:11.517159,163.34343188289327,24.73551338504419,1.617223347096448,1.3021791360989021
Kisumu,Kisumu East,2026-02-01 23:20:11.517159,53.88647922270169,23.586226117265465,6.3864289913724415,0.5465661083156637
Kisumu,Kisumu West,2025-03-01 23:20:11.517159,80.94637611617061,24.39679449335148,7.264714720609245,4.715719109288181
Kisumu,Kisumu West,2025-04-01 23:20:11.517159,38.28100055269891,15.23093664462095,9.948546977198308,1.1368658666329146
Kisumu,Kisumu West,2025-05-01 23:20:11.517159,64.9290924096451,31.714738258468774,5.2560747730543405,0.06184112364722827
Kisumu,Kisumu West,2025-06-01 23:20:11.517159,95.91000561873025,21.07297800774073,3.3931099909980675,0.91115773885031
Kisumu,Kisumu West,2025-07-01 23:20:11.517159,137.28685320997948,17.977685481264594,6.486673613752463,6.419365969981063
Kisumu,Kisumu West,2025-08-01 23:20:11.517159,43.39492445870471,27.157765049638478,8.882068380258449,4.662162972196569
Kisumu,Kisumu West,2025-09-01 23:20:11.517159,102.26552049718131,18.165261074728903,1.222719639216867,6.902259231702809
Kisumu,Kisumu West,2025-10-01 23:20:11.517159,50.192912539750616,20.769399934745906,6.787856137344727,0.09129585677764895
Kisumu,Kisumu West,2025-11-01 23:20:11.517159,48.8101206922488,20.39869763649103,3.8265602672525323,1.9687842208530404
Kisumu,Kisumu West,2025-12-01 23:20:11.517159,90.15017877769587,26.090246583005626,1.5314783105974294,9.560822645968097
Kisumu,Kisumu West,2026-01-01 23:20:11.517159,107.91226627152324,22.565858914378992,9.783735211559412,8.083736226419298
Kisumu,Kisumu West,2026-02-01 23:20:11.517159,69.75362050985159,22.168571384611678,3.4272279112411965,8.269819055476837
Kisumu,Kisumu Central,2025-03-01 23:20:11.517159,44.28871676532555,25.4846108656564,6.523317509164221,9.32298171723273
Kisumu,Kisumu Central,2025-04-01 23:20:11.517159,34.90118771439782,30.929148372073673,3.170213081172143,4.578490175805694
Kisumu,Kisumu Central,2025-05-01 23:20:11.517159,128.48841499749594,26.327540717954374,5.137878285880234,1.3280085319423984
Kisumu,Kisumu Central,2025-06-01 23:20:11.517159,45.55407982588977,22.054630133478526,0.25831861453258775,8.801210025587489
Kisumu,Kisumu Central,2025-07-01 23:20:11.517159,0.0,15.403134334678056,9.283962466043544,8.733628882640952
Kisumu,Kisumu Central,2025-08-01 23:20:11.517159,60.362641174449344,30.762470441491683,6.765538078139213,5.0494215991354565
Kisumu,Kisumu Central,2025-09-01 23:20:11.517159,9.057330365513522,21.770476399926594,7.891563401854794,8.549458073556401
Kisumu,Kisumu Central,2025-10-01 23:20:11.517159,42.57955111515032,23.09505284956975,7.110358279767064,7.2266062517516545
Kisumu,Kisumu Central,2025-11-01 23:20:11.517159,42.80276200231439,19.29756250915604,1.2799381889521477,6.024927800554987
Kisumu,Kisumu Central,2025-12-01 23:20:11.517159,33.859807289308854,14.915275385298028,9.07994504490626,2.123844885411591
Kisumu,Kisumu Central,2026-01-01 23:20:11.517159,90.2574648071762,23.82796593199156,8.825753969828948,8.02429420078052
Kisumu,Kisumu Central,2026-02-01 23:20:11.517159,76.35805299289892,16.187096973120305,4.571077502297332,2.7865183836023877
Kisumu,Seme,2025-03-01 23:20:11.517159,84.36689376738519,20.5615947934265,8.624396093265739,3.7483486941388753
Kisumu,Seme,2025-04-01 23:20:11.517159,42.53879331491529,17.734832908422835,0.33373168608405224,5.256922414052035
Kisumu,Seme,2025-05-01 23:20:11.517159,143.53218376730445,26.106887547915665,5.516402166609833,6.1592376923973156
Kisumu,Seme,2025-06-01 23:20:11.517159,43.22468586066988,19.17607789007779,8.495118572050382,8.198043411889914
Kisumu,Seme,2025-07-01 23:20:11.517159,104.408540731203,22.651045306990362,9.835069761267471,9.586457445073137
Kisumu,Seme,2025-08-01 23:20:11.517159,88.21359919705826,16.63647295829214,6.533508860126935,6.578479384364504
Kisumu,Seme,2025-09-01 23:20:11.517159,52.761585825977846,24.968722728702254,7.725041237503162,0.023436126966795978
Kisumu,Seme,2025-10-01 23:20:11.517159,88.46318970607312,27.075262328919305,8.24400300087294,7.6275778674603885
Kisumu,Seme,2025-11-01 23:20:11.517159,82.53231517859969,25.332156384450805,5.554545252815256,9.424063999519753
Kisumu,Seme,2025-12-01 23:20:11.517159,48.16505536425846,22.706954993038007,8.677448117433574,9.277872018349315
Kisumu,Seme,2026-01-01 23:20:11.517159,73.70098744920601,24.299313254878307,9.865327472440223,9.624827312269252
Kisumu,Seme,2026-02-01 23:20:11.517159,20.871822054059805,20.590090956821804,8.027138510364631,1.7439756181003074
Kisumu,Nyando,2025-03-01 23:20:11.517159,77.50339115880969,24.292948850073373,4.114256123802046,3.9352602631756795
Kisumu,Nyando,2025-04-01 23:20:11.517159,86.02762480926654,20.361019081307468,0.8840075163179539,9.230378733979892
Kisumu,Nyando,2025-05-01 23:20:11.517159,110.86829683606828,22.083699083744715,5.342157107696193,8.675891392385097
Kisumu,Nyando,2025-06-01 23:20:11.517159,58.96389896457978,18.416241676868562,1.9046271678997573,9.461138623154298
Kisumu,Nyando,2025-07-01 23:20:11.517159,65.38359732357233,19.06196231498449,4.392004550504913,3.4839620840180996
Kisumu,Nyando,2025-08-01 23:20:11.517159,128.6855704578743,12.029922542833717,3.119657385949882,3.572241890793224
Kisumu,Nyando,2025-09-01 23:20:11.517159,109.32901023501873,17.43645640862207,8.339455503749445,6.576525949370652
Kisumu,Nyando,2025-10-01 23:20:11.517159,27.522727803646283,26.651039941987182,7.89523616371552,7.221820450455433
Kisumu,Nyando,2025-11-01 23:20:11.517159,19.97252086466333,23.161253955673104,6.196237070874069,0.7422399855182116
Kisumu,Nyando,2025-12-01 23:20:11.517159,101.8535442620111,20.19216185253944,3.102979085743167,0.6145603594628979
Kisumu,Nyando,2026-01-01 23:20:11.517159,89.35053948629205,15.36412466461571,2.140634438498097,5.080827930736051
Kisumu,Nyando,2026-02-01 23:20:11.517159,69.96017456470443,17.97917213209757,4.545032639148109,2.2590348371038047
Nakuru,Nakuru Town West,2025-03-01 23:20:11.517159,97.92473266721859,23.63073392900766,2.809843777325558,6.09669773713433
Nakuru,Nakuru Town West,2025-04-01 23:20:11.517159,68.84479719733152,30.194397038456685,9.276499645825687,1.4831995125453235
Nakuru,Nakuru Town West,2025-05-01 23:20:11.517159,71.97065128954841,18.378147881429854,9.373701958150155,7.792825411228831
Nakuru,Nakuru Town West,2025-06-01 23:20:11.517159,106.18238689957938,19.85330564648127,3.738577683969763,2.3884335823071625
Nakuru,Nakuru Town West,2025-07-01 23:20:11.517159,49.07244796717397,18.408109568814222,6.970127393505463,0.21489981027415395
Nakuru,Nakuru Town West,2025-08-01 23:20:11.517159,92.90236306782657,12.529063380339963,3.395252588302199,0.4666497628261357
Nakuru,Nakuru Town West,2025-09-01 23:20:11.517159,153.32709039788227,21.759189201679774,4.230480826991298,1.7791622423496622
Nakuru,Nakuru Town West,2025-10-01 23:20:11.517159,77.59873570115553,20.938893322530966,6.411360311116838,2.18639578667309
Nakuru,Nakuru Town West,2025-11-01 23:20:11.517159,32.616296660846345,23.071995452285513,0.5099798532738242,8.71731403989585
Nakuru,Nakuru Town West,2025-12-01 23:20:11.517159,48.21593326525303,17.913923117517975,6.871961697110804,5.139070394809968
Nakuru,Nakuru Town West,2026-01-01 23:20:11.517159,45.572827476847635,21.888437053256116,4.6156954775615215,3.435125109163133
Nakuru,Nakuru Town West,2026-02-01 23:20:11.517159,61.46501917199281,22.24213786234295,4.4763710363477225,1.6941001596301142
Nakuru,Nakuru Town East,2025-03-01 23:20:11.517159,79.61639216170659,23.936123156814162,5.0944711255466215,1.748317687404577
Nakuru,Nakuru Town East,2025-04-01 23:20:11.517159,36.436320109821416,29.830521234746733,2.6410937516398603,5.901912757092802
Nakuru,Nakuru Town East,2025-05-01 23:20:11.517159,151.81260521035995,21.886753385120013,0.2716112509872526,6.542495872545841
Nakuru,Nakuru Town East,2025-06-01 23:20:11.517159,135.51146608064582,26.220810329386367,5.990241608275486,6.6882493973948804
Nakuru,Nakuru Town East,2025-07-01 23:20:11.517159,53.818370000995834,21.790147773718704,2.8692784428054563,2.2497464924631263
Nakuru,Nakuru Town East,2025-08-01 23:20:11.517159,91.37128070223716,18.103242069761446,2.218317934001437,9.492839534372463
Nakuru,Nakuru Town East,2025-09-01 23:20:11.517159,52.43853882562547,31.2033282863159,9.406957950198917,7.794874140357042
Nakuru,Nakuru Town East,2025-10-01 23:20:11.517159,0.0,17.330860298427332,8.454694296483517,5.302274331399013
Nakuru,Nakuru Town East,2025-11-01 23:20:11.517159,103.72097263673811,22.453383272860556,6.074262744408408,4.674392516613343
Nakuru,Nakuru Town East,2025-12-01 23:20:11.517159,103.43143452802217,22.27640308738911,5.540283730596263,4.085134288169979
Nakuru,Nakuru Town East,2026-01-01 23:20:11.517159,52.94430735302015,23.089798567038294,4.59424169755104,2.617233924078924
Nakuru,Nakuru Town East,2026-02-01 23:20:11.517159,54.35634366665268,26.284522226418495,8.60505662886074,3.2192820824935966
Nakuru,Bahati,2025-03-01 23:20:11.517159,119.94336519411954,18.147562958433078,8.124135493882758,3.043621799760917
Nakuru,Bahati,2025-04-01 23:20:11.517159,66.56733043955028,35.869926713970145,5.583340662465534,9.432100047006406
Nakuru,Bahati,2025-05-01 23:20:11.517159,32.58166386853634,19.06971367075114,4.134802025020665,1.9761221694615583
Nakuru,Bahati,2025-06-01 23:20:11.517159,53.109238841966004,16.039040770221398,2.7178734842327312,8.45006872162298
Nakuru,Bahati,2025-07-01 23:20:11.517159,124.16449669510843,24.019283086978405,0.5155063326994169,1.49683522302968
Nakuru,Bahati,2025-08-01 23:20:11.517159,41.07634738675234,16.66798003308711,3.9494278838908894,5.546323585978477
Nakuru,Bahati,2025-09-01 23:20:11.517159,42.03784312602664,21.555734169412723,8.200497554787432,8.951139095489655
Nakuru,Bahati,2025-10-01 23:20:11.517159,71.7301182727802,19.573317194485554,8.968497325722115,1.8821143774233473
Nakuru,Bahati,2025-11-01 23:20:11.517159,150.38503266570763,24.526700725122957,2.095310064100601,5.825917754574136
Nakuru,Bahati,2025-12-01 23:20:11.517159,57.06120816722313,26.772215696115374,6.612282658212303,7.0026399045585785
Nakuru,Bahati,2026-01-01 23:20:11.517159,52.89351707570339,17.588958535754557,6.602315284810514,8.924467154567852
Nakuru,Bahati,2026-02-01 23:20:11.517159,115.55130978367512,16.93557223728633,0.9327804226820757,9.231694258747881
Nakuru,Gilgil,2025-03-01 23:20:11.517159,138.73314201766004,17.040903807906325,6.718643699962081,8.16461163659424
Nakuru,Gilgil,2025-04-01 23:20:11.517159,79.35640695911245,29.140945047935684,7.0942726423479305,0.7129481185663067
Nakuru,Gilgil,2025-05-01 23:20:11.517159,22.871169505264753,22.349187081724118,3.3418167301278787,3.930895472266874
Nakuru,Gilgil,2025-06-01 23:20:11.517159,84.81689904329754,18.439228654265364,1.6388580398214292,5.450516863511839
Nakuru,Gilgil,2025-07-01 23:20:11.517159,106.63869554679567,20.714759343194878,7.064010351257775,0.00623791775807514
Nakuru,Gilgil,2025-08-01 23:20:11.517159,114.98980032744005,15.150667019429735,7.513555352697468,4.5947478604133885
Nakuru,Gilgil,2025-09-01 23:20:11.517159,37.75649015619197,23.782296094930068,0.4142576502696804,7.597185420424411
Nakuru,Gilgil,2025-10-01 23:20:11.517159,88.01828560543629,30.349788828172105,0.7591461548099931,0.025888462868750572
Nakuru,Gilgil,2025-11-01 23:20:11.517159,110.39349075311749,17.295475713183258,7.775831515039898,9.48679573026589
Nakuru,Gilgil,2025-12-01 23:20:11.517159,71.91332302619718,18.309451221827214,4.04731565225028,1.9462064563543713
Nakuru,Gilgil,2026-01-01 23:20:11.517159,58.89249426427559,23.915365065675715,5.235017998783407,5.354615284658793
Nakuru,Gilgil,2026-02-01 23:20:11.517159,42.81466466381157,25.674525358387093,5.785461920593059,2.6668839622076512
Nakuru,Kuresoi,2025-03-01 23:20:11.517159,122.80603315345454,15.562616186892013,9.56181468182698,9.33665220949897
Nakuru,Kuresoi,2025-04-01 23:20:11.517159,110.84999946449503,13.032708339362795,7.7400906047511615,3.9678438015570205
Nakuru,Kuresoi,2025-05-01 23:20:11.517159,32.50687350841367,27.286070930803717,1.5701186540593126,0.2614038503034266
Nakuru,Kuresoi,2025-06-01 23:20:11.517159,78.80797858329744,28.539065033110287,1.4258053203184218,3.010148178718773
Nakuru,Kuresoi,2025-07-01 23:20:11.517159,169.5202734510994,25.767495904357414,3.025663994894362,5.7629458902709025
Nakuru,Kuresoi,2025-08-01 23:20:11.517159,89.0355273064283,22.753432498694924,9.389910693325433,0.5141389661425855
Nakuru,Kuresoi,2025-09-01 23:20:11.517159,56.074696611476455,17.047326412591442,1.4987555391645724,7.15458880342819
Nakuru,Kuresoi,2025-10-01 23:20:11.517159,67.51390451833096,19.639932655440166,6.51619200803002,4.855464204474816
Nakuru,Kuresoi,2025-11-01 23:20:11.517159,112.32027559327793,20.35285415657756,0.051164209484538814,9.093157137077968
Nakuru,Kuresoi,2025-12-01 23:20:11.517159,77.80535331719537,26.45013420278994,0.6387713758552638,8.72994229271065
Nakuru,Kuresoi,2026-01-01 23:20:11.517159,38.88097676057836,28.053447192269303,9.71359285939435,4.377627575727114
Nakuru,Kuresoi,2026-02-01 23:20:11.517159,100.82964277443898,22.369591264187786,6.063741567059293,9.24980417490442
Eldoret,Uasin Gishu,2025-03-01 23:20:11.517159,88.14207940237793,17.021734693315487,1.4132890151021205,8.46595551170699
Eldoret,Uasin Gishu,2025-04-01 23:20:11.517159,119.45935745600212,17.812183710743927,6.480239056311586,3.203613871277673
Eldoret,Uasin Gishu,2025-05-01 23:20:11.517159,90.9196637295146,15.710241764054787,4.317430437702364,2.0013551912954886
Eldoret,Uasin Gishu,2025-06-01 23:20:11.517159,71.27816005401311,17.119311955926122,7.787427671099559,1.3382092976951077
Eldoret,Uasin Gishu,2025-07-01 23:20:11.517159,117.5805468724061,32.43161833553128,7.820010900419766,0.4621067010041946
Eldoret,Uasin Gishu,2025-08-01 23:20:11.517159,88.92958344638814,16.525880886708062,9.549045038789911,4.8233579873440995
Eldoret,Uasin Gishu,2025-09-01 23:20:11.517159,119.22930704578457,20.488812533060806,6.236522259588215,9.396555563945054
Eldoret,Uasin Gishu,2025-10-01 23:20:11.517159,77.56692700131924,27.28736466521365,3.9688554027212666,1.6807647351950783
Eldoret,Uasin Gishu,2025-11-01 23:20:11.517159,78.42907229442358,18.694028874495643,8.748995366642049,1.12068262826994
Eldoret,Uasin Gishu,2025-12-01 23:20:11.517159,93.2755365631796,17.17449059575025,4.489925365791941,1.290600223746241
Eldoret,Uasin Gishu,2026-01-01 23:20:11.517159,23.92785791205852,18.85027582216897,9.752698760215711,9.9642268757531
Eldoret,Uasin Gishu,2026-02-01 23:20:11.517159,96.45640160325348,29.823735511057414,4.396542268359351,7.789176646510516
Eldoret,Moiben,2025-03-01 23:20:11.517159,103.46094387837749,29.972347933314886,9.582684328197411,7.320968632744858
Eldoret,Moiben,2025-04-01 23:20:11.517159,103.26098616919637,27.352571171008023,6.564043899458531,4.198393429976477
Eldoret,Moiben,2025-05-01 23:20:11.517159,110.95235529431058,24.76353314218338,9.901376477623753,5.920941766803294
Eldoret,Moiben,2025-06-01 23:20:11.517159,73.25789338199235,17.60081287273465,8.393900703727045,0.34319589190815014
Eldoret,Moiben,2025-07-01 23:20:11.517159,63.551936452148716,28.216428447953525,0.6346404150474549,2.7284279439464165
Eldoret,Moiben,2025-08-01 23:20:11.517159,102.38284268380373,24.029431852812966,5.727069322671755,0.48394700680091773
Eldoret,Moiben,2025-09-01 23:20:11.517159,53.11313393488844,27.449518985763344,1.2859074523807468,7.1925839005393355
Eldoret,Moiben,2025-10-01 23:20:11.517159,102.78971861725577,26.50726373646015,7.087781742704817,4.887941373187119
Eldoret,Moiben,2025-11-01 23:20:11.517159,37.93281362250616,28.81263568470075,9.134147134400841,3.4636634841215397
Eldoret,Moiben,2025-12-01 23:20:11.517159,155.13488803168067,24.259888787303424,3.335314832290255,3.265407071825357
Eldoret,Moiben,2026-01-01 23:20:11.517159,79.93614816714982,29.1659694077923,6.4429684506040115,8.484434979194637
Eldoret,Moiben,2026-02-01 23:20:11.517159,99.90584606834848,18.594067946204966,9.427775072783302,2.1057820643117706
Eldoret,Ainabkoi,2025-03-01 23:20:11.517159,122.93495340843525,23.111861516714246,5.435684329261451,4.342330843243051
Eldoret,Ainabkoi,2025-04-01 23:20:11.517159,77.8416112273714,25.7986680126367,3.3847819580260774,7.23754432251172
Eldoret,Ainabkoi,2025-05-01 23:20:11.517159,42.821687231954456,29.758546339833423,5.208729940382381,8.916820873172428
Eldoret,Ainabkoi,2025-06-01 23:20:11.517159,186.9874258385559,10.328656902708946,4.746792816672773,9.383574877065426
Eldoret,Ainabkoi,2025-07-01 23:20:11.517159,64.11865548006412,30.292803668387393,3.365065351514498,4.390578750131208
Eldoret,Ainabkoi,2025-08-01 23:20:11.517159,102.03424740288118,22.909150644499753,5.324325235579038,3.057039602249353
Eldoret,Ainabkoi,2025-09-01 23:20:11.517159,0.0,19.65669094122582,4.28490303117848,0.2209362332519671
Eldoret,Ainabkoi,2025-10-01 23:20:11.517159,186.77869997623952,23.32761119381423,0.3439899134161428,5.075019182358815
Eldoret,Ainabkoi,2025-11-01 23:20:11.517159,103.37200884876472,24.43386881511546,3.0509808937357863,0.030270000385470563
Eldoret,Ainabkoi,2025-12-01 23:20:11.517159,67.40442879897722,25.554501338982792,7.035517372382208,3.6383302690437413
Eldoret,Ainabkoi,2026-01-01 23:20:11.517159,136.01943097107267,17.241298576969925,5.408874736513358,5.085000888400302
Eldoret,Ainabkoi,2026-02-01 23:20:11.517159,43.7923803752355,22.96174656865386,0.5849640985017346,7.001723063451405
Eldoret,Kapseret,2025-03-01 23:20:11.517159,50.29156111182189,24.867004035348376,7.612017112759063,4.650653649418784
Eldoret,Kapseret,2025-04-01 23:20:11.517159,90.38057913743481,15.463801308471783,9.493610701396399,9.113283678302862
Eldoret,Kapseret,2025-05-01 23:20:11.517159,182.12408755589672,18.6644437816128,9.605956696810166,9.41355644462773
Eldoret,Kapseret,2025-06-01 23:20:11.517159,78.37891111408813,25.364224151533666,5.286115801241385,2.9072731356657124
Eldoret,Kapseret,2025-07-01 23:20:11.517159,40.77211213159914,25.725374052286334,5.501988615351666,0.13638364825531268
Eldoret,Kapseret,2025-08-01 23:20:11.517159,127.87690991337374,17.996006619924646,5.754324699880382,2.803796841150261
Eldoret,Kapseret,2025-09-01 23:20:11.517159,54.06740244197462,21.54072944003153,3.1507056867731675,9.522070892440857
Eldoret,Kapseret,2025-10-01 23:20:11.517159,95.5076003816694,12.839107731700269,2.856826530083758,7.737764603859921
Eldoret,Kapseret,2025-11-01 23:20:11.517159,127.00914347698995,26.139757147697825,8.13231767294127,1.6924215013419075
Eldoret,Kapseret,2025-12-01 23:20:11.517159,87.37378324329751,25.211283177835448,1.9641082258763487,9.388707738234572
Eldoret,Kapseret,2026-01-01 23:20:11.517159,30.819477996283894,19.45585792250254,3.5308015466351774,9.783553887467102
Eldoret,Kapseret,2026-02-01 23:20:11.517159,84.50552500440222,23.14140057259999,1.4572960687821235,7.94180134166133
Eldoret,Turbo,2025-03-01 23:20:11.517159,71.38026453464056,23.618607523936628,7.9828395822564415,5.32979916346598
Eldoret,Turbo,2025-04-01 23:20:11.517159,39.42321219173976,21.36388656303139,8.640143695067717,4.592006303348808
Eldoret,Turbo,2025-05-01 23:20:11.517159,128.08261297104258,20.869437253445135,6.908162574790291,5.329138333348657
Eldoret,Turbo,2025-06-01 23:20:11.517159,33.969512923073324,25.226050399846816,4.774773748622381,1.6214726239210275
Eldoret,Turbo,2025-07-01 23:20:11.517159,60.98333128028495,28.57777817276287,6.410171890372145,5.987651893816624
Eldoret,Turbo,2025-08-01 23:20:11.517159,42.28815579050932,17.027155120597175,0.868737437859517,9.116618636369894
Eldoret,Turbo,2025-09-01 23:20:11.517159,48.921764465257795,22.658371280847895,7.287975464208753,1.3194078592413983
Eldoret,Turbo,2025-10-01 23:20:11.517159,114.92714447466997,19.722030857120195,3.207659174307529,1.0338868406213708
Eldoret,Turbo,2025-11-01 23:20:11.517159,66.4064581565656,25.53590683854818,6.990386586941614,0.6176297013632048
Eldoret,Turbo,2025-12-01 23:20:11.517159,189.10867956181545,25.258177393855814,8.785349334968013,8.701934600669516
Eldoret,Turbo,2026-01-01 23:20:11.517159,96.93347345572252,35.42726902020973,9.623406846146501,6.933334353890905
Eldoret,Turbo,2026-02-01 23:20:11.517159,41.30818304602894,20.34010982577505,4.327376632113032,3.638917573426758
Thika,Thika Town,2025-03-01 23:20:11.517159,70.90514649098532,23.454348201364656,7.482716310691582,0.9791041538187462
Thika,Thika Town,2025-04-01 23:20:11.517159,112.17607650567635,18.67318747121232,0.2896952094637162,5.9670172540447215
Thika,Thika Town,2025-05-01 23:20:11.517159,116.02891488301644,24.356875615728477,4.7787775603535145,4.83373041600432
Thika,Thika Town,2025-06-01 23:20:11.517159,9.50880390931917,25.705309804156702,4.574165722194791,1.2084788789998024
Thika,Thika Town,2025-07-01 23:20:11.517159,131.74737054426348,17.92226895078902,6.412841827767057,1.2901468929101256
Thika,Thika Town,2025-08-01 23:20:11.517159,87.8859236583379,13.198100351860218,0.8757958966622803,7.740679024481997
Thika,Thika Town,2025-09-01 23:20:11.517159,39.98740964025779,23.829654202232998,0.7592761656967439,6.6249541601891035
Thika,Thika Town,2025-10-01 23:20:11.517159,102.66121245470448,21.55847801046845,6.722755410370014,7.872023104537455
Thika,Thika Town,2025-11-01 23:20:11.517159,57.42634205266086,19.256800086806855,2.370769164735951,1.3489006999098663
Thika,Thika Town,2025-12-01 23:20:11.517159,77.17500480874587,13.88516726610622,3.4534232010058243,4.252776005743495
Thika,Thika Town,2026-01-01 23:20:11.517159,0.0,23.926886197938767,6.164446359476288,3.4096011030750626
Thika,Thika Town,2026-02-01 23:20:11.517159,91.78485940522995,23.511019579361843,5.692695076322812,7.130048114967181
Thika,Gatundu,2025-03-01 23:20:11.517159,39.39636600452588,20.74435387036381,5.385819880142862,9.234656837954846
Thika,Gatundu,2025-04-01 23:20:11.517159,74.89722456599425,22.43441259932313,7.360137153532169,1.4843636041263775
Thika,Gatundu,2025-05-01 23:20:11.517159,23.55290365074768,26.558115451114872,1.4589286668867052,7.093307113458787
Thika,Gatundu,2025-06-01 23:20:11.517159,66.39731552129192,34.58067767979479,5.883188638079866,5.058730804554301
Thika,Gatundu,2025-07-01 23:20:11.517159,105.7464333000182,24.462874401992025,3.9195920312037567,3.281314670869876
Thika,Gatundu,2025-08-01 23:20:11.517159,76.34892795268941,25.459430951857943,9.521376610035368,0.9810828451924747
Thika,Gatundu,2025-09-01 23:20:11.517159,120.59259952089211,24.90190111005968,8.248394555432586,5.37275758964172
Thika,Gatundu,2025-10-01 23:20:11.517159,111.13613788761172,19.086949042812023,1.6000682334002914,1.2872286790416032
Thika,Gatundu,2025-11-01 23:20:11.517159,75.88999918605147,11.46850541949235,8.460621367896763,9.193116167134871
Thika,Gatundu,2025-12-01 23:20:11.517159,186.32728911970074,23.87495177962073,9.109425972941581,6.507238375422998
Thika,Gatundu,2026-01-01 23:20:11.517159,37.33733044376616,21.869894124697023,0.3940397177627508,4.317967057040856
Thika,Gatundu,2026-02-01 23:20:11.517159,68.88069784240194,20.62219914175077,7.4950833602396205,1.408500895754673
Thika,Juja,2025-03-01 23:20:11.517159,52.39394921262149,17.386115828916736,8.42516701218077,0.23033744210513185
Thika,Juja,2025-04-01 23:20:11.517159,51.40525974058697,21.98494124165519,1.0761248281205682,4.227529670943855
Thika,Juja,2025-05-01 23:20:11.517159,77.17059363513837,21.576295869494334,1.5167340711380295,5.344430500492882
Thika,Juja,2025-06-01 23:20:11.517159,52.95573936786528,18.87553497703491,3.5497530706253224,8.275043753662729
Thika,Juja,2025-07-01 23:20:11.517159,41.93862349716359,17.49020454002315,1.8526713801446326,3.956317988595932
Thika,Juja,2025-08-01 23:20:11.517159,121.5883617700097,24.65520590449198,4.135629410754509,7.359854515602066
Thika,Juja,2025-09-01 23:20:11.517159,98.57700597254994,25.90541016173278,0.620410266457645,4.350574024596377
Thika,Juja,2025-10-01 23:20:11.517159,112.26408606091222,22.469393106024516,0.8267424514329147,4.11417728598713
Thika,Juja,2025-11-01 23:20:11.517159,33.412761222186084,19.223031308641268,8.38624778700184,7.738002082141028
Thika,Juja,2025-12-01 23:20:11.517159,94.18638596784538,16.781964440738044,1.2897166048942676,1.9291623863188156
Thika,Juja,2026-01-01 23:20:11.517159,110.48105440081906,22.988689397071177,3.3707538922763947,3.3963087728445105
Thika,Juja,2026-02-01 23:20:11.517159,79.92481614730963,22.96362448125609,8.725350419141169,0.34630715418406344
Thika,Kiambu,2025-03-01 23:20:11.517159,60.327656053413904,21.752668285333222,0.853828377676713,7.023349586682166
Thika,Kiambu,2025-04-01 23:20:11.517159,70.53698505239898,20.992704295753576,7.332817600398737,2.7523345296547963
Thika,Kiambu,2025-05-01 23:20:11.517159,103.95573804310996,23.63475925345221,4.49537998069787,4.197894614159576
Thika,Kiambu,2025-06-01 23:20:11.517159,107.52043063266167,21.119095580917197,9.091294268033277,7.8166704762120185
Thika,Kiambu,2025-07-01 23:20:11.517159,102.14896736709348,27.482443118958443,8.388114393603685,4.171739706231836
Thika,Kiambu,2025-08-01 23:20:11.517159,110.90427369632897,18.575089505868256,0.6776739744680982,5.899284612302217
Thika,Kiambu,2025-09-01 23:20:11.517159,5.352767691747445,26.332871849725365,7.910284557018883,5.185364691284057
Thika,Kiambu,2025-10-01 23:20:11.517159,72.79607304509261,18.320322177056216,8.731086778281709,1.9511606563063977
Thika,Kiambu,2025-11-01 23:20:11.517159,143.99739304969515,18.31452451842206,4.062590714284209,0.006034591953618662
Thika,Kiambu,2025-12-01 23:20:11.517159,98.1710101113336,23.71452737357395,0.4474483905476523,7.0267900518239195
Thika,Kiambu,2026-01-01 23:20:11.517159,73.51153781000578,20.07686419856772,8.695793003872405,0.6584829453174701
Thika,Kiambu,2026-02-01 23:20:11.517159,70.64766526248124,30.156418845312672,9.594149486127193,0.11641834708942533
Thika,Ruiru,2025-03-01 23:20:11.517159,119.96882172323238,28.273485736683444,9.97406948539666,7.665834690768626
Thika,Ruiru,2025-04-01 23:20:11.517159,63.876598810019466,21.434778458839787,3.3923166421577147,6.693415148718577
Thika,Ruiru,2025-05-01 23:20:11.517159,133.57967733407062,35.46833338710565,9.48248306281457,4.429707595600955
Thika,Ruiru,2025-06-01 23:20:11.517159,27.970471715095798,23.608635132245016,9.384777221096826,2.4066479161764387
Thika,Ruiru,2025-07-01 23:20:11.517159,0.0,20.42940670951751,8.693438235993767,7.171310403812284
Thika,Ruiru,2025-08-01 23:20:11.517159,39.78341838963197,23.46084426963183,2.2137872205019757,7.721839179318063
Thika,Ruiru,2025-09-01 23:20:11.517159,74.50233232531045,16.92389590984171,6.009760537301302,1.9867021634922433
Thika,Ruiru,2025-10-01 23:20:11.517159,80.61744486585565,17.36533467357794,5.200908886754444,1.7962153109901124
Thika,Ruiru,2025-11-01 23:20:11.517159,67.3847917212691,21.737792425073266,1.6914286967936143,3.865918199073054
Thika,Ruiru,2025-12-01 23:20:11.517159,37.63224902602936,23.6993937119131,7.121889712236161,0.7209470773641136
Thika,Ruiru,2026-01-01 23:20:11.517159,111.77484527732632,15.73235044110221,4.4189681171615005,7.085655991229263
Thika,Ruiru,2026-02-01 23:20:11.517159,66.82673680698478,20.91185830488032,9.209828999352837,9.068709695102413
Kitale,Teso North,2025-03-01 23:20:11.517159,132.54955315722262,21.1809843212667,3.707550238212308,0.6325440953045502
Kitale,Teso North,2025-04-01 23:20:11.517159,119.28310541814302,15.561284375503506,8.088357465772265,3.5363656924701914
Kitale,Teso North,2025-05-01 23:20:11.517159,123.56805145747751,18.783465715129285,5.260064383207848,5.399122358477099
Kitale,Teso North,2025-06-01 23:20:11.517159,102.81289420088491,17.55848092495227,7.0353812840312715,3.8346931953153227
Kitale,Teso North,2025-07-01 23:20:11.517159,46.48921330700374,26.2040674282274,8.191370664418754,0.11682784237910138
Kitale,Teso North,2025-08-01 23:20:11.517159,61.63952603833658,28.404323171686194,9.085650147425252,0.9534001264854619
Kitale,Teso North,2025-09-01 23:20:11.517159,102.31930886585566,26.97492081633135,8.907907461973771,1.6890890916649004
Kitale,Teso North,2025-10-01 23:20:11.517159,38.67367982566507,14.56297942941687,6.367266178751731,1.808263579392293
Kitale,Teso North,2025-11-01 23:20:11.517159,141.5939626976933,31.33893611225528,4.086800129304021,9.35142724589078
Kitale,Teso North,2025-12-01 23:20:11.517159,42.094213554300474,29.641838637331333,1.3663803570048805,1.07351966826004
Kitale,Teso North,2026-01-01 23:20:11.517159,99.98759442492108,24.350910592056778,4.723269383298688,0.2676827573825924
Kitale,Teso North,2026-02-01 23:20:11.517159,51.24901040628167,24.602492453423793,8.535541075078724,0.5899976787822458
Kitale,Teso South,2025-03-01 23:20:11.517159,104.72066678431699,35.29501711080157,4.577195797775194,2.1738933270906804
Kitale,Teso South,2025-04-01 23:20:11.517159,119.85398623816906,19.209579751103675,3.726722577790139,6.617606537295751
Kitale,Teso South,2025-05-01 23:20:11.517159,42.41337831659384,21.649809499025462,5.247306902851747,9.34614603906205
Kitale,Teso South,2025-06-01 23:20:11.517159,107.39508778682946,20.3931458173309,2.582696122902793,4.69530852306661
Kitale,Teso South,2025-07-01 23:20:11.517159,95.00586630585764,20.552926453525497,2.024225550368067,7.802551818405342
Kitale,Teso South,2025-08-01 23:20:11.517159,71.51568377456528,21.986750897919702,7.907892678356764,1.5823155429648172
Kitale,Teso South,2025-09-01 23:20:11.517159,135.21989866246406,26.235098238741422,8.418783089675262,8.074662009931547
Kitale,Teso South,2025-10-01 23:20:11.517159,65.59830629866565,22.600764831635658,6.226802997598933,0.8341091087624175
Kitale,Teso South,2025-11-01 23:20:11.517159,113.26082883697657,22.691488346982155,2.2766031133358644,8.66368867843272
Kitale,Teso South,2025-12-01 23:20:11.517159,101.46904254055477,18.5426528997429,4.663348146648532,9.174466209368795
Kitale,Teso South,2026-01-01 23:20:11.517159,48.80144896868167,25.086297149837236,6.745217797289152,6.390438726743568
Kitale,Teso South,2026-02-01 23:20:11.517159,134.54828354780307,17.85038828654049,8.11167987497649,2.4766368016568343
Kitale,Nambale,2025-03-01 23:20:11.517159,99.13951662889654,24.012443907797685,3.2951594423022645,8.048374298645676
Kitale,Nambale,2025-04-01 23:20:11.517159,64.88466564719644,18.96433363204916,7.1682419246119355,7.495325183033154
Kitale,Nambale,2025-05-01 23:20:11.517159,44.65646409459529,10.348069533987202,4.8874246429967885,0.9650286813668274
Kitale,Nambale,2025-06-01 23:20:11.517159,46.77743732356962,22.244341117715148,1.2173559113321497,3.9743141525631795
Kitale,Nambale,2025-07-01 23:20:11.517159,63.23137185713223,26.575418551704544,3.3287853839413817,1.290972947050948
Kitale,Nambale,2025-08-01 23:20:11.517159,66.50399106012826,21.954838501686105,4.23385329433423,1.7942484621683952
Kitale,Nambale,2025-09-01 23:20:11.517159,83.97961338998584,21.30336794205975,1.5079555182461002,3.4395557061906903
Kitale,Nambale,2025-10-01 23:20:11.517159,39.17744549040546,21.272548433693835,5.308858910856128,1.9266640904874177
Kitale,Nambale,2025-11-01 23:20:11.517159,38.661898777644865,20.94950388566769,2.20251198939775,0.9712299470488095
Kitale,Nambale,2025-12-01 23:20:11.517159,91.85140062855014,29.813104647581458,2.2041789302334625,9.067726018104509
Kitale,Nambale,2026-01-01 23:20:11.517159,88.95848467321439,26.707386482275943,9.151023628591522,4.1036716725337925
Kitale,Nambale,2026-02-01 23:20:11.517159,14.913464782116364,23.526459409640918,9.79416045156614,8.778922825679743
Kitale,Matayos,2025-03-01 23:20:11.517159,89.20961849662434,19.456760686561115,5.157786189210824,8.310517891830994
Kitale,Matayos,2025-04-01 23:20:11.517159,160.8343779887598,9.563217610338103,7.606627169548238,9.152435532694073
Kitale,Matayos,2025-05-01 23:20:11.517159,88.6566575514474,30.860344913135968,8.062159167041065,8.11174345241919
Kitale,Matayos,2025-06-01 23:20:11.517159,62.04636391339892,22.828308321498557,7.664461774662138,2.9103497562788103
Kitale,Matayos,2025-07-01 23:20:11.517159,84.23823922454766,27.04272807064101,9.878609361613524,5.077735890444655
Kitale,Matayos,2025-08-01 23:20:11.517159,46.06104195106488,28.63077391274765,4.5930269587394355,5.311512476936966
Kitale,Matayos,2025-09-01 23:20:11.517159,92.04159316249688,22.908032114082562,3.2102041425791783,9.492142783031248
Kitale,Matayos,2025-10-01 23:20:11.517159,59.7013377422775,18.021558693226062,4.789390372655662,0.31671264352171713
Kitale,Matayos,2025-11-01 23:20:11.517159,51.19122987288933,21.109781794172562,6.799330866244828,8.290437888195644
Kitale,Matayos,2025-12-01 23:20:11.517159,41.17959290191956,20.137738509644098,2.178044466790899,4.472977539376359
Kitale,Matayos,2026-01-01 23:20:11.517159,35.35066908372209,29.59367736340789,7.476412263178913,6.007776513844407
Kitale,Matayos,2026-02-01 23:20:11.517159,66.65033507526158,19.41141668161695,0.35754834252737067,9.863924867574287
Kitale,Butula,2025-03-01 23:20:11.517159,35.792538990642775,22.883358953624203,9.661924733004117,5.183655169341748
Kitale,Butula,2025-04-01 23:20:11.517159,125.17336306750548,27.061764706382803,5.393109789245757,7.296505738242875
Kitale,Butula,2025-05-01 23:20:11.517159,65.85950912005674,22.406403791763207,6.63385101463191,1.073438421496713
Kitale,Butula,2025-06-01 23:20:11.517159,82.36486806836217,23.26201548717929,1.6247772196694188,8.704318064992256
Kitale,Butula,2025-07-01 23:20:11.517159,173.72760986181194,11.763282883018556,8.200111461324134,6.248556393631497
Kitale,Butula,2025-08-01 23:20:11.517159,86.18573429535039,15.539396488673678,9.680256150410754,4.695652980259913
Kitale,Butula,2025-09-01 23:20:11.517159,103.9368421603536,23.954981108933815,2.0056057889312786,1.2800138975961317
Kitale,Butula,2025-10-01 23:20:11.517159,15.908937141759523,21.373993230306056,5.910610433287933,1.9278610790458395
Kitale,Butula,2025-11-01 23:20:11.517159,138.4653238616407,14.955582238123299,7.178447347374485,5.990248810670912
Kitale,Butula,2025-12-01 23:20:11.517159,146.4027513439506,18.474949994680486,3.696454693415039,0.2853523362325505
Kitale,Butula,2026-01-01 23:20:11.517159,103.12744595881875,25.629547093465618,8.43823324690368,4.19461284158348
Kitale,Butula,2026-02-01 23:20:11.517159,79.18369847461629,15.620570905195567,5.956462364320611,1.896300143835652
Garissa,Garissa Township,2025-03-01 23:20:11.517159,14.10842264885514,20.631894426092273,7.618548291114972,8.238241585164879
Garissa,Garissa Township,2025-04-01 23:20:11.517159,104.38463638203208,19.913193942798387,5.362207586764658,0.7781803297206635
Garissa,Garissa Township,2025-05-01 23:20:11.517159,71.96626976620927,19.826801465097283,0.6997644228515942,3.8135181546747776
Garissa,Garissa Township,2025-06-01 23:20:11.517159,167.64528147231658,18.90624331541971,7.300381206284008,1.165414002468036
Garissa,Garissa Township,2025-07-01 23:20:11.517159,76.57415835844772,15.378945185469947,3.5517491978180082,7.7477393286693355
Garissa,Garissa Township,2025-08-01 23:20:11.517159,50.124774013002494,23.361925794703257,6.771938945145796,8.566565788179897
Garissa,Garissa Township,2025-09-01 23:20:11.517159,70.53420564416888,17.848413403832495,6.280500784945778,6.344978140777391
Garissa,Garissa Township,2025-10-01 23:20:11.517159,135.82503590980764,20.389008986276608,8.633316052447558,4.991948044095942
Garissa,Garissa Township,2025-11-01 23:20:11.517159,79.63276871088038,20.00405606257253,3.71430768697508,8.39049345534164
Garissa,Garissa Township,2025-12-01 23:20:11.517159,23.139965881130557,24.858419740979436,9.368872160767745,5.173892592342611
Garissa,Garissa Township,2026-01-01 23:20:11.517159,28.830660230979703,20.801752095278296,5.572121223594849,8.943032307512649
Garissa,Garissa Township,2026-02-01 23:20:11.517159,34.33334619617116,16.793159816740847,7.116769679774801,2.752717200021242
Garissa,Balambala,2025-03-01 23:20:11.517159,79.88790860442944,21.57277964676613,1.8461019501477594,4.732806643791556
Garissa,Balambala,2025-04-01 23:20:11.517159,15.971211413215045,18.536055528653414,1.3163989209552474,6.355427245879227
Garissa,Balambala,2025-05-01 23:20:11.517159,78.12226760149954,24.350365795224292,7.606359701462627,8.130944916305157
Garissa,Balambala,2025-06-01 23:20:11.517159,132.4807001071054,24.306043453915954,1.031297812275045,2.560671058455987
Garissa,Balambala,2025-07-01 23:20:11.517159,20.94176881706087,22.36103685505679,2.7675141738048827,1.562007977259865
Garissa,Balambala,2025-08-01 23:20:11.517159,94.68217616884463,16.448294546114155,4.266241695403041,0.9854044061082456
Garissa,Balambala,2025-09-01 23:20:11.517159,104.62893460374667,21.87594127352444,0.8131939801549104,4.01955612837124
Garissa,Balambala,2025-10-01 23:20:11.517159,69.99941563145333,21.06570379228777,8.079021122908207,7.474297458792157
Garissa,Balambala,2025-11-01 23:20:11.517159,112.13908802972456,17.922038955563444,2.7523899509716063,6.42045933823299
Garissa,Balambala,2025-12-01 23:20:11.517159,37.965445591497414,16.898019287773085,3.0493988747664846,2.296899828732464
Garissa,Balambala,2026-01-01 23:20:11.517159,150.76068060576682,21.682910758353376,3.8805804436157256,3.4806965214792793
Garissa,Balambala,2026-02-01 23:20:11.517159,67.3519620544638,20.579851750381536,1.9016683004610113,5.856937017396641
Garissa,Lagdera,2025-03-01 23:20:11.517159,68.80472002327272,25.717472798011475,9.096280902513247,1.428652301790656
Garissa,Lagdera,2025-04-01 23:20:11.517159,120.50105711786068,29.741302979580453,8.581814424781534,3.6909765177914657
Garissa,Lagdera,2025-05-01 23:20:11.517159,116.72851601539031,31.998069269070832,4.107242085999427,1.1646120146014738
Garissa,Lagdera,2025-06-01 23:20:11.517159,21.281769646968783,21.22288895424795,0.7184965320383185,5.061934487941234
Garissa,Lagdera,2025-07-01 23:20:11.517159,68.213521550526,21.90147521917257,4.489430066683342,7.983661832093867
Garissa,Lagdera,2025-08-01 23:20:11.517159,74.80045225819657,27.811641280442245,7.542300697587667,4.397664098460739
Garissa,Lagdera,2025-09-01 23:20:11.517159,113.80035541576507,21.305437389506707,1.0112885289888884,1.1949032346454713
Garissa,Lagdera,2025-10-01 23:20:11.517159,94.10799231565034,22.15418121418574,6.8124747815543065,8.218277693824952
Garissa,Lagdera,2025-11-01 23:20:11.517159,39.82832165228099,26.54213072744946,5.9145434661886975,9.574971906651443
Garissa,Lagdera,2025-12-01 23:20:11.517159,81.91325478826418,22.13685898851816,6.9624521903205405,3.0149646851199607
Garissa,Lagdera,2026-01-01 23:20:11.517159,79.65272565855531,22.318652240660352,8.963040438731474,3.583031502997922
Garissa,Lagdera,2026-02-01 23:20:11.517159,98.89536544504149,25.44136507082788,5.4675743077447505,1.5728517559963884
Garissa,Dadaab,2025-03-01 23:20:11.517159,105.91722584691826,19.32307297901737,5.711276248121671,6.297004239093836
Garissa,Dadaab,2025-04-01 23:20:11.517159,71.9364619514993,26.320402503695654,7.936732414497475,3.4826166098090585
Garissa,Dadaab,2025-05-01 23:20:11.517159,38.591002254295425,21.10670239034504,6.192054991116359,6.981497989319006
Garissa,Dadaab,2025-06-01 23:20:11.517159,46.93307574465218,25.193575529987086,9.786806107551326,3.667723343062864
Garissa,Dadaab,2025-07-01 23:20:11.517159,74.61740808561261,23.833366128524442,0.2947161412477117,7.353453762261956
Garissa,Dadaab,2025-08-01 23:20:11.517159,96.59862238816883,25.008500431473067,0.48150350378308393,2.8993213496195014
Garissa,Dadaab,2025-09-01 23:20:11.517159,88.5737821391727,17.8053075194247,7.912131482829956,2.374825519475303
Garissa,Dadaab,2025-10-01 23:20:11.517159,14.040863984208812,28.81671543811032,1.6526429170554258,7.511884737480376
Garissa,Dadaab,2025-11-01 23:20:11.517159,77.34263786177384,17.545978208550846,4.835933877995428,7.4268095923194535
Garissa,Dadaab,2025-12-01 23:20:11.517159,69.37515173420408,13.845186961570526,0.7826524433823345,3.894118628114459
Garissa,Dadaab,2026-01-01 23:20:11.517159,56.96386499601275,15.66224213035862,4.233918439567033,9.523619689455565
Garissa,Dadaab,2026-02-01 23:20:11.517159,99.93672066730684,16.676408732853314,0.9046070278717566,9.834822580231318
Garissa,Fafi,2025-03-01 23:20:11.517159,12.56696510189056,25.308465537226834,3.0262310646504984,7.817544368161286
Garissa,Fafi,2025-04-01 23:20:11.517159,175.30937685719258,19.239817998836266,2.8531524991955526,3.5252548960626786
Garissa,Fafi,2025-05-01 23:20:11.517159,118.3303565517294,15.03223819542241,6.052739600154342,1.9822272015940545
Garissa,Fafi,2025-06-01 23:20:11.517159,70.44543996691439,22.086571964212226,8.782363290187615,4.896294585895388
Garissa,Fafi,2025-07-01 23:20:11.517159,86.1037697434259,19.09704681385775,8.673265108438905,9.006768267895172
Garissa,Fafi,2025-08-01 23:20:11.517159,100.5106754481031,21.906281267562427,2.2910782775302883,3.5011339762934615
Garissa,Fafi,2025-09-01 23:20:11.517159,55.478876115898466,24.921483992978445,5.838525658926176,7.100115391390468
Garissa,Fafi,2025-10-01 23:20:11.517159,0.0,18.954171071275,6.762468662802475,7.91186819991542
Garissa,Fafi,2025-11-01 23:20:11.517159,103.16647722194381,21.64031591195619,4.192908876932889,1.3663274740473164
Garissa,Fafi,2025-12-01 23:20:11.517159,45.72398550511423,21.778120433993372,1.809687872528014,6.002779531069003
Garissa,Fafi,2026-01-01 23:20:11.517159,97.327529406619,16.807033276532245,6.971504075840223,8.728517405428423
Garissa,Fafi,2026-02-01 23:20:11.517159,42.7006578658584,13.583000057346439,7.637261341228665,5.784098207491751
Kakamega,Kakamega Central,2025-03-01 23:20:11.517159,0.0,23.252730190046723,6.412409186720071,0.6438549777127167
Kakamega,Kakamega Central,2025-04-01 23:20:11.517159,22.39153490958173,24.55073420187688,3.4505085311418426,7.449509972601421
Kakamega,Kakamega Central,2025-05-01 23:20:11.517159,58.48600430232966,28.06615442798843,7.00942007178644,0.3984055775272377
Kakamega,Kakamega Central,2025-06-01 23:20:11.517159,52.663617463282904,20.68080583532997,4.202724768408519,1.787740571218337
Kakamega,Kakamega Central,2025-07-01 23:20:11.517159,101.79347786316487,23.375793701855343,1.2606468869657372,8.695848125859829
Kakamega,Kakamega Central,2025-08-01 23:20:11.517159,63.877315947405464,20.547893680907862,5.477862833590588,9.410731689696988
Kakamega,Kakamega Central,2025-09-01 23:20:11.517159,128.235614926693,17.195020299892715,4.818549888834788,4.425362318990777
Kakamega,Kakamega Central,2025-10-01 23:20:11.517159,69.75235885285946,23.97510692795362,4.679193932092016,7.0032901670534295
Kakamega,Kakamega Central,2025-11-01 23:20:11.517159,20.767629045516244,20.45654017977734,6.859063417297065,8.24703729104181
Kakamega,Kakamega Central,2025-12-01 23:20:11.517159,48.971561014746484,25.797430775768092,8.178277130951304,4.53409632175616
Kakamega,Kakamega Central,2026-01-01 23:20:11.517159,0.0,17.649578169516676,4.817835967643767,7.646415964142854
Kakamega,Kakamega Central,2026-02-01 23:20:11.517159,78.10784004843428,24.87056817998181,6.565403608083052,7.709301226424542
Kakamega,Kakamega East,2025-03-01 23:20:11.517159,83.42202223141742,26.392036596523766,7.638416073500674,3.0784013927981677
Kakamega,Kakamega East,2025-04-01 23:20:11.517159,52.98908221013955,22.193882271291415,7.006907042776942,9.087283510560729
Kakamega,Kakamega East,2025-05-01 23:20:11.517159,78.98410387467611,33.787277957007475,0.5012037794575097,6.149131503584345
Kakamega,Kakamega East,2025-06-01 23:20:11.517159,113.24495006877439,34.296810300961866,2.7889929177468287,7.400492904708314
Kakamega,Kakamega East,2025-07-01 23:20:11.517159,48.643896670570484,17.690537852318734,5.224783543042566,7.233264334716885
Kakamega,Kakamega East,2025-08-01 23:20:11.517159,16.53573317074528,20.125275666858023,8.26770689018163,2.6447584484274564
Kakamega,Kakamega East,2025-09-01 23:20:11.517159,81.52151173762631,16.650196084632658,9.682738490754259,6.728664170859484
Kakamega,Kakamega East,2025-10-01 23:20:11.517159,22.860714588532353,23.626875818594844,6.473335014139556,8.074718491898949
Kakamega,Kakamega East,2025-11-01 23:20:11.517159,110.38046052894936,23.711623177103444,0.6142996592208461,3.3649081419401194
Kakamega,Kakamega East,2025-12-01 23:20:11.517159,87.65888703885821,21.251114829650508,3.877994047023121,6.132209646408163
Kakamega,Kakamega East,2026-01-01 23:20:11.517159,122.24359913610829,20.457527622278832,4.962156437632749,6.151849384663981
Kakamega,Kakamega East,2026-02-01 23:20:11.517159,47.08285523346679,16.119408553838817,0.4910075786740997,6.7506774425506775
Kakamega,Kakamega West,2025-03-01 23:20:11.517159,133.0985070898258,27.60424896824398,8.959529887679295,5.1190762123572835
Kakamega,Kakamega West,2025-04-01 23:20:11.517159,33.32319150765934,18.49522143091895,3.6022541301584954,2.0304566189434095
Kakamega,Kakamega West,2025-05-01 23:20:11.517159,69.13624883374418,17.34341098755022,4.691220666368512,0.6332215421011334
Kakamega,Kakamega West,2025-06-01 23:20:11.517159,92.61593954819976,17.254625724431524,7.594991536242812,1.1106990704564168
Kakamega,Kakamega West,2025-07-01 23:20:11.517159,95.88223214192647,20.07726961431369,1.5619067915959794,6.387933891168004
Kakamega,Kakamega West,2025-08-01 23:20:11.517159,68.73306945330245,27.81228796737449,3.98518819753767,9.20083143971028
Kakamega,Kakamega West,2025-09-01 23:20:11.517159,94.99800686509182,10.834807532812345,0.6874555437593577,8.926871326354131
Kakamega,Kakamega West,2025-10-01 23:20:11.517159,87.40105705154828,16.956743964472725,9.32637714029148,1.7626457341733037
Kakamega,Kakamega West,2025-11-01 23:20:11.517159,79.03342212617986,21.19453333127256,3.572091442459824,9.5176760209641
Kakamega,Kakamega West,2025-12-01 23:20:11.517159,91.11517415161913,25.919292441856353,3.3485329171063682,8.150496135249035
Kakamega,Kakamega West,2026-01-01 23:20:11.517159,112.02466857752842,19.81339697458596,5.095931995133489,5.017360985849887
Kakamega,Kakamega West,2026-02-01 23:20:11.517159,61.22755750485119,21.317471573558795,3.099901852661394,8.121771669504275
Kakamega,Lugari,2025-03-01 23:20:11.517159,98.23832676634008,17.08188789852482,9.876950055810966,1.5371127790718708
Kakamega,Lugari,2025-04-01 23:20:11.517159,77.4263364599202,20.507757042792814,7.362694073103791,7.064240681928854
Kakamega,Lugari,2025-05-01 23:20:11.517159,81.23018792550576,15.89996854991949,6.524139787808388,2.086466350458729
Kakamega,Lugari,2025-06-01 23:20:11.517159,89.95168418939541,18.42061792994789,6.073495364618754,7.388734470903492
Kakamega,Lugari,2025-07-01 23:20:11.517159,77.47311470974411,21.893943358554793,8.847141367965433,5.188854634410022
Kakamega,Lugari,2025-08-01 23:20:11.517159,98.4691448377795,20.330334478687764,4.062311679205951,8.084309728928176
Kakamega,Lugari,2025-09-01 23:20:11.517159,96.87314733417394,21.38450412778957,4.755025000235972,0.9760747625845101
Kakamega,Lugari,2025-10-01 23:20:11.517159,127.32775612127675,17.86056611006991,9.380968007893296,5.19636729024212
Kakamega,Lugari,2025-11-01 23:20:11.517159,79.86056355733541,23.01650564872967,7.6601475117357465,4.1731098469585515
Kakamega,Lugari,2025-12-01 23:20:11.517159,31.461664417520353,27.065732628364486,0.8940822820078353,9.566036695038404
Kakamega,Lugari,2026-01-01 23:20:11.517159,122.14855275127874,22.526987631763323,8.295344774864418,3.734693268722534
Kakamega,Lugari,2026-02-01 23:20:11.517159,56.397435364908176,20.037895903516503,8.17434469299654,8.442476563186649
Kakamega,Likuyani,2025-03-01 23:20:11.517159,111.7590961800677,20.022439424902508,4.239262331871197,9.60199395759529
Kakamega,Likuyani,2025-04-01 23:20:11.517159,141.66330382051746,21.285681277400666,3.7220285331379643,7.786327728984874
Kakamega,Likuyani,2025-05-01 23:20:11.517159,45.983850976537106,18.13182081878843,3.836776699637255,6.7393793881817015
Kakamega,Likuyani,2025-06-01 23:20:11.517159,62.57632078119972,22.560199995003654,2.367920499883799,9.357674210310302
Kakamega,Likuyani,2025-07-01 23:20:11.517159,96.39479264763607,23.295498327964093,3.585473843591683,7.8859582917421935
Kakamega,Likuyani,2025-08-01 23:20:11.517159,114.23594684560226,33.02671491095664,2.280300888985809,3.104435463611479
Kakamega,Likuyani,2025-09-01 23:20:11.517159,181.93152280095433,21.277385857542814,0.8448345771648447,1.928721556916696
Kakamega,Likuyani,2025-10-01 23:20:11.517159,65.16941806787233,16.212949279943103,0.30428480506255573,5.792055495971445
Kakamega,Likuyani,2025-11-01 23:20:11.517159,138.0946239756005,20.540007544365512,5.183370885192548,3.5111207020940807
Kakamega,Likuyani,2025-12-01 23:20:11.517159,34.97456432160906,23.2012136243292,6.679005057972854,3.795065416781086
Kakamega,Likuyani,2026-01-01 23:20:11.517159,65.61512565167423,12.485631767535557,8.674209522117167,6.712020287289247
Kakamega,Likuyani,2026-02-01 23:20:11.517159,29.917348465173497,26.893674577778693,4.801276718949479,0.008896074728154124
Malindi,Malindi,2025-03-01 23:20:11.517159,67.76299832224313,8.019998381788941,2.7319096661530984,3.6238958824705145
Malindi,Malindi,2025-04-01 23:20:11.517159,98.54534245453536,12.723246487708682,2.464461543944764,3.6592179004020773
Malindi,Malindi,2025-05-01 23:20:11.517159,70.78759186632442,16.2953178304929,8.894183011581415,3.893700697208823
Malindi,Malindi,2025-06-01 23:20:11.517159,70.47141650205386,20.26647046166173,5.4055406178572465,6.423010835967676
Malindi,Malindi,2025-07-01 23:20:11.517159,7.356108260747035,14.459858507701185,8.037164641866589,6.715260937308675
Malindi,Malindi,2025-08-01 23:20:11.517159,65.44286931596469,25.218650158196287,8.662840057399674,2.0672354020065375
Malindi,Malindi,2025-09-01 23:20:11.517159,132.13371865706597,31.60150179146098,7.963722421929319,4.335748394474424
Malindi,Malindi,2025-10-01 23:20:11.517159,64.26375278327302,15.48263534982938,2.9959971925984243,8.654672594572395
Malindi,Malindi,2025-11-01 23:20:11.517159,48.52773623616832,17.178312610859066,2.09725626661746,9.547249453249487
Malindi,Malindi,2025-12-01 23:20:11.517159,150.28868610531464,26.145275990873223,9.614044009058336,8.444383965437039
Malindi,Malindi,2026-01-01 23:20:11.517159,94.40860987729991,20.644386822147432,4.020549480797316,4.836000300437658
Malindi,Malindi,2026-02-01 23:20:11.517159,86.55460775589856,17.58780998162345,6.375874904646683,9.905667134827866
Malindi,Magarini,2025-03-01 23:20:11.517159,31.721577346886825,26.13938657491357,4.0587355078575404,6.609569301672103
Malindi,Magarini,2025-04-01 23:20:11.517159,150.41066269731354,17.728802686598605,7.126833682827135,7.740573350083743
Malindi,Magarini,2025-05-01 23:20:11.517159,38.274462691899835,21.039570978762658,0.08089025825493423,2.0539224621449845
Malindi,Magarini,2025-06-01 23:20:11.517159,66.4069460705426,15.782555061115893,2.110674180309471,7.787859070990796
Malindi,Magarini,2025-07-01 23:20:11.517159,43.338483671796425,22.02681254817552,1.1813659035088386,7.377077446307178
Malindi,Magarini,2025-08-01 23:20:11.517159,30.33928749966809,19.277018651984566,5.777039324325857,0.6647838242746162
Malindi,Magarini,2025-09-01 23:20:11.517159,83.8662852568626,16.004282923567278,2.2082385599233403,6.634476730798458
Malindi,Magarini,2025-10-01 23:20:11.517159,62.324094665079436,21.148787024426408,1.5023628804975775,8.683721318988816
Malindi,Magarini,2025-11-01 23:20:11.517159,81.30446728518447,27.04772761457527,0.5995212054684962,6.464067319432449
Malindi,Magarini,2025-12-01 23:20:11.517159,116.1576878233628,17.759986200493238,2.458169467219827,3.4972651281216205
Malindi,Magarini,2026-01-01 23:20:11.517159,76.8998791044412,22.225467957347703,7.187789458510982,2.2832260129998936
Malindi,Magarini,2026-02-01 23:20:11.517159,130.54696954170646,25.281154131530137,8.71629785762652,4.299086315156318
Malindi,Ganze,2025-03-01 23:20:11.517159,81.26990150114514,18.94660977342523,6.314214676926141,8.853073475627742
Malindi,Ganze,2025-04-01 23:20:11.517159,115.48934743088637,21.550009338028282,2.480397189924306,3.71823265412449
Malindi,Ganze,2025-05-01 23:20:11.517159,164.22462184028274,19.004942956730197,2.4057964992514713,2.1933338119459975
Malindi,Ganze,2025-06-01 23:20:11.517159,102.70418720633936,29.29904830757092,5.022336949039897,5.336740780018597
Malindi,Ganze,2025-07-01 23:20:11.517159,40.25339471058452,19.207996272763054,4.867935902639289,7.814520489265465
Malindi,Ganze,2025-08-01 23:20:11.517159,92.1059758119932,24.670448659219378,9.310128827218382,3.7424104561560623
Malindi,Ganze,2025-09-01 23:20:11.517159,46.958036722588425,27.41639520777049,7.136847150515569,1.5656880242152227
Malindi,Ganze,2025-10-01 23:20:11.517159,102.38667387402731,24.081895487315872,3.8699046019761187,9.79323538010701
Malindi,Ganze,2025-11-01 23:20:11.517159,160.8628107369922,19.971995901257507,9.885789299344005,3.1557401201982325
Malindi,Ganze,2025-12-01 23:20:11.517159,84.45527128286689,22.85413815311304,3.222222223542963,6.989405920424137
Malindi,Ganze,2026-01-01 23:20:11.517159,72.71669998623858,28.420524845197782,2.096133112122854,3.9459427410369994
Malindi,Ganze,2026-02-01 23:20:11.517159,13.70546383119867,23.466227502637285,8.441251781864663,7.980963689250751
Malindi,Kalifi,2025-03-01 23:20:11.517159,55.367747305858344,18.043863784514354,0.31716703851882966,3.612363558349613
Malindi,Kalifi,2025-04-01 23:20:11.517159,90.39117046354343,29.517654996127476,4.177384181353899,2.720733155047126
Malindi,Kalifi,2025-05-01 23:20:11.517159,146.15318801544052,17.53374501224936,4.366501737773811,1.3897615566318244
Malindi,Kalifi,2025-06-01 23:20:11.517159,93.72173607505373,9.354597191049535,4.208584631126858,3.4750570118266255
Malindi,Kalifi,2025-07-01 23:20:11.517159,53.67999560014393,14.304598036410777,7.914435827422645,0.8362807442613329
Malindi,Kalifi,2025-08-01 23:20:11.517159,130.01314762099707,13.2582611386405,0.6188017113550282,4.435116785909643
Malindi,Kalifi,2025-09-01 23:20:11.517159,72.48478881182814,19.76794537208008,5.159366909976648,0.25780803100195815
Malindi,Kalifi,2025-10-01 23:20:11.517159,106.78416981659804,15.90661073688398,5.968040819335219,0.6336663976172163
Malindi,Kalifi,2025-11-01 23:20:11.517159,23.95782569950572,22.574884158951807,5.967110907485969,0.9902726143958074
Malindi,Kalifi,2025-12-01 23:20:11.517159,77.84218005386946,25.302607353080035,8.201412235228236,6.154813838199972
Malindi,Kalifi,2026-01-01 23:20:11.517159,31.076680780768044,21.313393565249687,0.4656292591414424,2.4546339632820025
Malindi,Kalifi,2026-02-01 23:20:11.517159,64.7680104604201,26.775749494075214,7.47750790721422,9.20350091117886
Malindi,Rabai,2025-03-01 23:20:11.517159,57.766393296526225,21.676784664946634,6.651046176459197,3.026437583299119
Malindi,Rabai,2025-04-01 23:20:11.517159,24.20452486601235,19.231937802439546,0.28508763070464793,9.637156528402832
Malindi,Rabai,2025-05-01 23:20:11.517159,48.99972874969289,26.81930087398044,8.951202165974305,3.8107395370487076
Malindi,Rabai,2025-06-01 23:20:11.517159,148.9876177608184,14.686391232606383,0.9499806780144637,4.596889436405657
Malindi,Rabai,2025-07-01 23:20:11.517159,110.65025781774938,29.06393935458166,5.100354342088355,1.3807933314196552
Malindi,Rabai,2025-08-01 23:20:11.517159,65.19660891323498,25.304343193327856,9.651069457160018,7.028220659899444
Malindi,Rabai,2025-09-01 23:20:11.517159,93.66945173933439,12.01879976903879,0.9701142016534092,1.014107031035505
Malindi,Rabai,2025-10-01 23:20:11.517159,47.43327753218362,27.767953471361704,3.4083450817784255,9.187150922521699
Malindi,Rabai,2025-11-01 23:20:11.517159,84.05038599809659,24.749328927039894,0.2581189968201947,1.7453496920733036
Malindi,Rabai,2025-12-01 23:20:11.517159,102.77564854483495,24.475227695830675,1.507095388352856,8.117566517134867
Malindi,Rabai,2026-01-01 23:20:11.517159,74.77315962444796,20.251881673656293,0.6750651744959468,9.436524211703297
Malindi,Rabai,2026-02-01 23:20:11.517159,103.39741840737207,25.735512021989855,2.0467832437979396,6.313717411675923
