county,sub_county,date,poverty_rate,household_income_index,food_security_index,market_accessibility,agricultural_productivity
Nairobi,Westlands,2025-03-01 23:20:11.517159,68.06251304259337,89.88542241342607,58.063876073078966,68.06521027764772,50.35064859281218
Nairobi,Westlands,2025-04-01 23:20:11.517159,66.76726723102189,61.733075030161956,76.70178266391636,63.59884277616259,48.535369631669624
Nairobi,Westlands,2025-05-01 23:20:11.517159,66.10902307641574,45.78898612408638,75.80753678065535,62.64074229712078,75.25408428349346
Nairobi,Westlands,2025-06-01 23:20:11.517159,34.7333974258208,31.467769457300253,79.82211805892022,58.757439871690494,75.71468231468796
Nairobi,Westlands,2025-07-01 23:20:11.517159,50.16448168867281,85.54967707118043,45.97940337158064,46.88511656481471,57.92747228146311
Nairobi,Westlands,2025-08-01 23:20:11.517159,61.40453027670802,46.43570274262136,58.731981968293184,58.846494831709194,52.21264870448376
Nairobi,Westlands,2025-09-01 23:20:11.517159,63.09587151428191,37.70451604816637,47.5209672809565,61.067369870602604,66.82072026308191
Nairobi,Westlands,2025-10-01 23:20:11.517159,65.14264050841369,75.42226506918476,65.16059089914485,62.38130938647059,65.2660777269751
Nairobi,Westlands,2025-11-01 23:20:11.517159,28.54674746869481,79.06376496648085,56.75623534340351,84.53101976350015,81.230639696224
Nairobi,Westlands,2025-12-01 23:20:11.517159,49.31527400094888,68.24111162678,39.59500721374887,69.86682418223931,89.16093154977787
Nairobi,Westlands,2026-01-01 23:20:11.517159,56.289943265958385,70.97725426683327,56.978925387901896,53.99061057753609,61.818574103206444
Nairobi,Westlands,2026-02-01 23:20:11.517159,60.17403792186,32.80474402441703,72.46614735117981,63.75402523928454,64.01017725893138
Nairobi,Dagoretti,2025-03-01 23:20:11.517159,45.22965578146399,47.30809135998744,51.22976521394426,75.0220770500703,81.40078186351455
Nairobi,Dagoretti,2025-04-01 23:20:11.517159,65.12626467978282,73.99129173525826,78.36098215241003,40.02945917434702,52.63489138289811
Nairobi,Dagoretti,2025-05-01 23:20:11.517159,53.48370496306582,35.593389134473526,50.01549110932589,49.95905645526796,41.05275046485984
Nairobi,Dagoretti,2025-06-01 23:20:11.517159,67.39052138716735,80.76845221670577,52.85363266931161,52.438801965267366,36.784882511565065
Nairobi,Dagoretti,2025-07-01 23:20:11.517159,32.726895992271416,89.13024062828508,79.45745682562318,89.81569782593282,49.06996310996183
Nairobi,Dagoretti,2025-08-01 23:20:11.517159,33.857315846312815,86.21556369583368,56.793127658874525,60.75300602575103,63.755572082660684
Nairobi,Dagoretti,2025-09-01 23:20:11.517159,42.06097637538376,35.404873471871426,56.96680321349491,71.26668600898479,74.4012971152826
Nairobi,Dagoretti,2025-10-01 23:20:11.517159,22.74218282034169,31.073174480245168,57.82170856333936,70.98625920191307,36.29426162193756
Nairobi,Dagoretti,2025-11-01 23:20:11.517159,20.085433032419274,41.267435079216796,44.528848972921026,45.18402728882902,71.01128823680864
Nairobi,Dagoretti,2025-12-01 23:20:11.517159,33.80931635494478,81.21586827137389,66.21607532820641,90.69023064108248,77.66773113992411
Nairobi,Dagoretti,2026-01-01 23:20:11.517159,26.174052631975098,87.5178209236022,82.32757128049576,68.48603289930742,74.77396121394773
Nairobi,Dagoretti,2026-02-01 23:20:11.517159,44.249360333685075,86.062839120863,43.73183536547086,57.774080360884945,36.8594662457411
Nairobi,Kamukunji,2025-03-01 23:20:11.517159,65.5145382688936,46.66487412052594,54.234101664853384,42.93537425875762,41.26281269459913
Nairobi,Kamukunji,2025-04-01 23:20:11.517159,27.646457365419028,64.13667548209,76.77065216938658,68.03738245578546,53.092877931263985
Nairobi,Kamukunji,2025-05-01 23:20:11.517159,62.72355246896213,42.99355877940195,48.577624335879605,84.6357044209359,49.290167691121525
Nairobi,Kamukunji,2025-06-01 23:20:11.517159,56.761763859161526,55.23081373689996,60.11168780545168,86.1434073125464,35.549603826837725
Nairobi,Kamukunji,2025-07-01 23:20:11.517159,55.61412125976905,57.88394481045493,83.87823371911634,50.208796928215946,58.98969600051534
Nairobi,Kamukunji,2025-08-01 23:20:11.517159,62.24399789099816,65.07908159626973,32.91307115261246,64.55021565035135,64.28210548216195
Nairobi,Kamukunji,2025-09-01 23:20:11.517159,35.17610897674823,33.72458461217556,44.7954032237123,52.30632149815762,54.190557748345654
Nairobi,Kamukunji,2025-10-01 23:20:11.517159,33.470899337177606,64.48248082272126,65.63238146508938,75.47179860732535,73.40542207909795
Nairobi,Kamukunji,2025-11-01 23:20:11.517159,47.976536146396754,83.20190496785398,56.246036233356186,76.27235405491521,86.22903449808345
Nairobi,Kamukunji,2025-12-01 23:20:11.517159,50.02190302276031,83.7062103164252,49.78105156380951,63.8423266925798,68.86467624794784
Nairobi,Kamukunji,2026-01-01 23:20:11.517159,55.23324609373192,89.42133026382805,33.25966288776747,89.18996185777831,48.24799818463506
Nairobi,Kamukunji,2026-02-01 23:20:11.517159,62.65837383599298,34.42819773709383,81.40602091836976,93.69798438801735,82.30768554195276
Nairobi,Embakasi,2025-03-01 23:20:11.517159,50.51746748470033,43.0793622901996,67.63394084463232,59.188038455502564,36.08348930021988
Nairobi,Embakasi,2025-04-01 23:20:11.517159,61.441407322710404,88.4160269691603,39.915383006848565,55.647576276410675,78.13726880588504
Nairobi,Embakasi,2025-05-01 23:20:11.517159,66.98182094307279,77.0343275265667,54.77703852826126,80.7754592197939,55.18702476899797
Nairobi,Embakasi,2025-06-01 23:20:11.517159,47.74749336167292,74.59056812065792,57.04950951197894,51.7468253014627,87.17333537649887
Nairobi,Embakasi,2025-07-01 23:20:11.517159,40.55140824729115,81.29465306881187,35.9486635326676,47.72950552533489,69.84567513842438
Nairobi,Embakasi,2025-08-01 23:20:11.517159,47.08892857903781,70.30760123382879,84.06144469352876,78.34192650955242,36.63907615813198
Nairobi,Embakasi,2025-09-01 23:20:11.517159,47.326557449186055,57.95256674209585,64.29259930087687,74.17758153402666,47.37122420106879
Nairobi,Embakasi,2025-10-01 23:20:11.517159,35.39701034537963,53.147329271205955,32.33221995241513,69.38778131564806,51.12852656845787
Nairobi,Embakasi,2025-11-01 23:20:11.517159,56.81952156979242,85.09338296503591,53.609780444657616,80.7526842012174,71.4766218565247
Nairobi,Embakasi,2025-12-01 23:20:11.517159,62.88873665126452,82.71830315953481,43.84206746623792,53.804076785242145,87.95537021889508
Nairobi,Embakasi,2026-01-01 23:20:11.517159,32.910056628148276,52.25094484700966,76.41720999279144,47.868459302921195,73.09989715552018
Nairobi,Embakasi,2026-02-01 23:20:11.517159,55.541323459845685,39.37073992138692,45.17092744017718,60.21535617566886,74.67760976440829
Nairobi,Kibra,2025-03-01 23:20:11.517159,56.222468420743134,51.28964109381308,28.445958837147295,79.23624618369192,43.26074553849611
Nairobi,Kibra,2025-04-01 23:20:11.517159,62.06868791339786,86.76984678853378,44.79566435613812,59.31416733331457,47.02129770238178
Nairobi,Kibra,2025-05-01 23:20:11.517159,52.17998190147257,88.95146030070057,37.821500642980645,70.21968145008444,66.33928775608246
Nairobi,Kibra,2025-06-01 23:20:11.517159,59.40612005694638,78.44526693300338,38.61351803849027,43.59655365950945,40.16038197378978
Nairobi,Kibra,2025-07-01 23:20:11.517159,38.02365791786362,81.14286683502347,25.299923583955493,40.04959815755711,81.83785414161567
Nairobi,Kibra,2025-08-01 23:20:11.517159,28.018070659566106,45.72140288878185,78.70261941378718,84.35912964368235,48.319257249022314
Nairobi,Kibra,2025-09-01 23:20:11.517159,64.5800155702885,45.56879898638753,50.596795480946085,61.54641832826691,49.426290176164
Nairobi,Kibra,2025-10-01 23:20:11.517159,29.585805892720305,84.77737700156507,36.42397622112423,84.9808956504393,82.3336131212774
Nairobi,Kibra,2025-11-01 23:20:11.517159,30.590955221488542,57.25254689748738,28.56609636042012,79.31155482779604,54.83967640016664
Nairobi,Kibra,2025-12-01 23:20:11.517159,66.14660291928539,61.442208638392636,74.8712540907763,50.03578602114882,53.89377002636069
Nairobi,Kibra,2026-01-01 23:20:11.517159,69.39707054754466,45.41492524196785,81.83405875723295,92.14725799742322,49.220881558527054
Nairobi,Kibra,2026-02-01 23:20:11.517159,46.36013291257886,74.94013643336517,27.651137724573008,88.65270279648087,65.1171340597084
Mombasa,Changamwe,2025-03-01 23:20:11.517159,31.016338513560655,55.61857513884973,69.80545425622863,73.55809062257248,87.65847920576317
Mombasa,Changamwe,2025-04-01 23:20:11.517159,68.304496065107,57.32237679036932,74.76442691580077,75.70534213954541,43.064713658987664
Mombasa,Changamwe,2025-05-01 23:20:11.517159,31.864721624246478,36.901633591538705,70.63008367595927,49.97827388516142,40.783921341911096
Mombasa,Changamwe,2025-06-01 23:20:11.517159,64.336687026857,67.54134849132606,62.48168253403025,92.94226876926402,46.21687453644758
Mombasa,Changamwe,2025-07-01 23:20:11.517159,27.65593548689527,32.55398168149761,66.12128719928047,57.83565793358822,74.27979769853565
Mombasa,Changamwe,2025-08-01 23:20:11.517159,60.16474656711006,76.67457601357665,29.3782063498874,69.61318976756309,37.54440242370855
Mombasa,Changamwe,2025-09-01 23:20:11.517159,24.10600388964407,83.22040894841292,63.02874054649954,56.254420225089135,36.583732282318984
Mombasa,Changamwe,2025-10-01 23:20:11.517159,67.41932927269937,82.77487802541398,77.0405430728137,47.03844261661275,78.2790865391137
Mombasa,Changamwe,2025-11-01 23:20:11.517159,55.88692668908025,56.752102084749026,61.168834554569635,80.06077654899305,69.39594084826686
Mombasa,Changamwe,2025-12-01 23:20:11.517159,29.654285151950013,77.12424767715439,59.351679624052764,63.66706372427129,57.75764537754239
Mombasa,Changamwe,2026-01-01 23:20:11.517159,61.25215088508742,75.5284942188768,48.68754364598399,84.66180377033064,72.81687586269717
Mombasa,Changamwe,2026-02-01 23:20:11.517159,22.625540981305925,31.553037113179258,78.15714589591997,66.98519376608469,39.75126834539525
Mombasa,Jomvu,2025-03-01 23:20:11.517159,29.24381930371782,42.12833773159227,25.467858199284112,69.16477800920322,53.23084602938074
Mombasa,Jomvu,2025-04-01 23:20:11.517159,32.490293368185604,76.37846764033623,51.4594691412271,65.47260269985793,51.59537710745229
Mombasa,Jomvu,2025-05-01 23:20:11.517159,35.47096541192728,42.00079292831343,66.3561413676901,94.86506409309067,35.2931659722889
Mombasa,Jomvu,2025-06-01 23:20:11.517159,48.73148846433542,47.630434067253724,25.7416794239339,69.52654840814208,58.03128201984721
Mombasa,Jomvu,2025-07-01 23:20:11.517159,53.65430904066128,61.869787044051336,83.52816356486235,76.858039282285,81.13488177143384
Mombasa,Jomvu,2025-08-01 23:20:11.517159,39.87254849789258,56.768258993319066,27.056928842173868,74.6042486840757,51.53020448516446
Mombasa,Jomvu,2025-09-01 23:20:11.517159,69.90435357819457,52.875891888014735,52.08647461263837,49.63661757807047,41.75647948230269
Mombasa,Jomvu,2025-10-01 23:20:11.517159,48.52877660430316,42.87890845321758,81.53459759514094,44.55963927584283,48.695707547422856
Mombasa,Jomvu,2025-11-01 23:20:11.517159,52.669577507301454,54.98739816765578,83.98908341643575,60.88210518996388,84.3203127446376
Mombasa,Jomvu,2025-12-01 23:20:11.517159,35.51129600073495,65.04020044573511,57.59180861750475,58.30670386785959,44.07555579699623
Mombasa,Jomvu,2026-01-01 23:20:11.517159,68.55394066949391,50.59693525879778,44.844038768863754,81.67301576785471,35.08985893190046
Mombasa,Jomvu,2026-02-01 23:20:11.517159,26.53896132790384,84.88333054890288,26.276644191013844,67.19739330392451,63.10250315666189
Mombasa,Kisauni,2025-03-01 23:20:11.517159,32.35600701279117,71.0338572158499,65.56757291740907,83.13768652262965,84.95667558370158
Mombasa,Kisauni,2025-04-01 23:20:11.517159,66.95523724784195,66.41000979563145,76.7544115645946,50.33380169214878,43.3036369275298
Mombasa,Kisauni,2025-05-01 23:20:11.517159,30.00926524872098,38.88154370158675,76.76376709493584,46.01746448739632,51.633211241083444
Mombasa,Kisauni,2025-06-01 23:20:11.517159,56.36536758724236,52.535371754373635,49.015036889061236,45.02645935770114,83.54805000089081
Mombasa,Kisauni,2025-07-01 23:20:11.517159,33.50920874415935,87.64165612924926,58.85153331105267,91.21146166413479,78.12621229051544
Mombasa,Kisauni,2025-08-01 23:20:11.517159,69.24410992337232,65.24242568145078,78.18202937045314,76.13746345971573,65.88240860776378
Mombasa,Kisauni,2025-09-01 23:20:11.517159,36.035872612451335,86.55100413574979,75.08920588598912,71.90415016136085,59.68216201487509
Mombasa,Kisauni,2025-10-01 23:20:11.517159,27.084267169639872,50.428694602274376,52.97485563931651,55.90549664582515,78.83647447253362
Mombasa,Kisauni,2025-11-01 23:20:11.517159,21.7390135089962,46.72865065451333,29.43519202415889,68.76760256888903,50.537319806848764
Mombasa,Kisauni,2025-12-01 23:20:11.517159,60.23780509430052,69.52248959531764,48.98289841221323,76.05536320929554,35.33913330526297
Mombasa,Kisauni,2026-01-01 23:20:11.517159,30.981654127175222,74.6077910392992,53.86569502398175,45.181064046465764,60.80429932080666
Mombasa,Kisauni,2026-02-01 23:20:11.517159,65.27899311815644,83.19088115180341,63.361028028345565,85.70469256958725,35.58777386251444
Mombasa,Nyali,2025-03-01 23:20:11.517159,64.32146925235685,32.90002382407351,54.299937612660635,78.23997425279073,81.5707235883816
Mombasa,Nyali,2025-04-01 23:20:11.517159,48.597125430376934,89.19395843667705,63.34480526983265,90.9904682643218,44.085418545714674
Mombasa,Nyali,2025-05-01 23:20:11.517159,29.122265048252515,49.97319153573538,42.73745378391541,77.38111086046229,47.92150442660059
Mombasa,Nyali,2025-06-01 23:20:11.517159,41.50407604058343,55.2882221898318,44.42482285744703,62.06944989842662,45.71272360886525
Mombasa,Nyali,2025-07-01 23:20:11.517159,44.484182338145814,70.34368669559655,59.55897390122311,82.03848479920667,85.72518808367724
Mombasa,Nyali,2025-08-01 23:20:11.517159,28.352930796971506,38.57238398748788,46.819416997002556,42.12202128260863,69.08948218465775
Mombasa,Nyali,2025-09-01 23:20:11.517159,21.166716115882828,65.94291276725053,84.65001646212698,52.449471774384776,59.87427065873112
Mombasa,Nyali,2025-10-01 23:20:11.517159,60.89123635112323,59.15707324748338,58.63517719882607,81.76498494425101,66.68223342920925
Mombasa,Nyali,2025-11-01 23:20:11.517159,36.91474570755993,43.388424400409185,57.66727724340909,58.03624959876829,73.36996761625082
Mombasa,Nyali,2025-12-01 23:20:11.517159,42.27154113756936,41.87456615772691,56.70742888083005,61.97338308818733,66.25984910818411
Mombasa,Nyali,2026-01-01 23:20:11.517159,36.611071583626,31.243829329507406,55.984123888526724,79.75315516204951,79.38940520581404
Mombasa,Nyali,2026-02-01 23:20:11.517159,65.372386475707,70.38807670005177,60.255009099235885,73.99737469850047,44.43634780343478
Mombasa,Likoni,2025-03-01 23:20:11.517159,32.04379860436839,58.63582755329767,64.98505417039445,61.46825651876092,88.80434856496785
Mombasa,Likoni,2025-04-01 23:20:11.517159,36.635276836721076,72.0478161940248,78.94822946689354,79.9870545017059,76.82087719497764
Mombasa,Likoni,2025-05-01 23:20:11.517159,25.65867801023246,41.830542314879736,42.06749474327808,85.90188074043971,81.22911450911447
Mombasa,Likoni,2025-06-01 23:20:11.517159,67.76726824093168,81.41782863636058,37.48062388869454,41.334399625153964,69.9615948347303
Mombasa,Likoni,2025-07-01 23:20:11.517159,58.561088822403164,67.27437575743639,27.58879357048081,72.73474094231698,71.37035807162415
Mombasa,Likoni,2025-08-01 23:20:11.517159,31.99779019149861,77.8480627500965,52.95368399686576,77.5894770525733,39.01587989440598
Mombasa,Likoni,2025-09-01 23:20:11.517159,28.348533112720304,80.27733741156683,28.544409930324115,41.47118422827567,88.35366945704163
Mombasa,Likoni,2025-10-01 23:20:11.517159,58.20072603761248,44.14274041165496,49.876824518687265,48.11441835014424,44.87378323236276
Mombasa,Likoni,2025-11-01 23:20:11.517159,63.18767281783622,47.22847714836199,62.92053037725948,70.82905060637759,51.60315000808855
Mombasa,Likoni,2025-12-01 23:20:11.517159,38.86345890347082,40.258614333378745,79.46116827940435,44.49680486479439,89.99659575051055
Mombasa,Likoni,2026-01-01 23:20:11.517159,37.437932114795586,78.47400529592264,25.366925287908387,48.69620645922341,60.19533886044105
Mombasa,Likoni,2026-02-01 23:20:11.517159,53.10697032249477,74.23778865959815,39.75619431693133,67.10787951310749,37.79620308469659
Kisumu,Kisumu East,2025-03-01 23:20:11.517159,22.06216422498371,80.20252332517715,64.09603587759634,58.97180551292658,73.60271612166494
Kisumu,Kisumu East,2025-04-01 23:20:11.517159,57.9767489539303,46.963628770107334,33.327156911737006,46.29338560969535,63.58401005100271
Kisumu,Kisumu East,2025-05-01 23:20:11.517159,46.67764916836796,76.31020423801029,51.14571468631979,52.82741492767329,85.90099528487679
Kisumu,Kisumu East,2025-06-01 23:20:11.517159,42.1660970090711,84.2874150264705,78.95946774807067,83.63214912883095,44.4325651183638
Kisumu,Kisumu East,2025-07-01 23:20:11.517159,37.2378203665415,76.05407421593411,55.009394941547896,47.98501629819378,87.53178827726859
Kisumu,Kisumu East,2025-08-01 23:20:11.517159,34.07450355386027,51.23955535989922,77.22621759043369,53.43367903900139,36.83671620361175
Kisumu,Kisumu East,2025-09-01 23:20:11.517159,66.07347207690361,38.26336370855323,82.84098301706472,43.56425474031031,63.59362430905719
Kisumu,Kisumu East,2025-10-01 23:20:11.517159,67.37681382409986,52.70184373759065,64.38537074312245,66.88156920295796,70.58814715722278
Kisumu,Kisumu East,2025-11-01 23:20:11.517159,40.574531315875404,36.899999837021646,41.477189755762524,69.76521555499951,53.72680410236539
Kisumu,Kisumu East,2025-12-01 23:20:11.517159,20.402371833082555,61.93670086947212,69.49149268760505,91.92276362675904,47.052182916781675
Kisumu,Kisumu East,2026-01-01 23:20:11.517159,47.69264284238691,73.19227261254386,53.58267352517175,69.94198750115916,54.902974965395046
Kisumu,Kisumu East,2026-02-01 23:20:11.517159,66.35124054492886,82.51983831545286,26.569739695114794,55.85719388476429,78.85396078914066
Kisumu,Kisumu West,2025-03-01 23:20:11.517159,63.54523330972861,57.95104965019374,79.49004152595523,42.80027676970305,55.14851894286943
Kisumu,Kisumu West,2025-04-01 23:20:11.517159,61.833489281095794,73.39680034265669,32.14035314851378,92.94807933768921,86.03291487888147
Kisumu,Kisumu West,2025-05-01 23:20:11.517159,56.111293863330445,86.69151267281545,44.904990999415936,63.79364454922053,74.62228896959869
Kisumu,Kisumu West,2025-06-01 23:20:11.517159,59.174839221046255,87.27924612575796,62.508694885643514,44.44002033063435,68.17780772613845
Kisumu,Kisumu West,2025-07-01 23:20:11.517159,43.494923745123074,47.73519478263147,80.09877221750492,43.405462057775495,39.476737147146586
Kisumu,Kisumu West,2025-08-01 23:20:11.517159,27.431300296539394,81.28733665133686,78.10716555784145,77.93669099502506,65.5130942420476
Kisumu,Kisumu West,2025-09-01 23:20:11.517159,37.879182314854376,72.07535632279156,49.852534423919145,59.89010296983173,59.673191512131126
Kisumu,Kisumu West,2025-10-01 23:20:11.517159,61.828843860981316,83.39264680573066,63.12157559303921,91.21837686064099,72.94304486831533
Kisumu,Kisumu West,2025-11-01 23:20:11.517159,41.46203829740887,83.02272326341321,42.153139868737924,70.56949282745997,60.77134576194774
Kisumu,Kisumu West,2025-12-01 23:20:11.517159,42.38920908586191,52.946253946540615,84.75125718860743,41.34434508910523,74.21583175845399
Kisumu,Kisumu West,2026-01-01 23:20:11.517159,50.156274658569785,55.83566672211188,68.2012607595302,53.76112646997011,66.28074069215089
Kisumu,Kisumu West,2026-02-01 23:20:11.517159,65.2445033195417,79.35606105207766,33.404301037758515,51.0365498213217,81.70225650024564
Kisumu,Kisumu Central,2025-03-01 23:20:11.517159,27.975979464684492,81.01336942562679,80.86134993875007,93.82498045008623,43.86908357395508
Kisumu,Kisumu Central,2025-04-01 23:20:11.517159,69.30358066561357,31.60393409370502,36.97108461095487,43.388790397750704,86.95906766355212
Kisumu,Kisumu Central,2025-05-01 23:20:11.517159,37.457652362176006,60.54472152883397,38.74507293246482,69.44441184538907,66.56967218414275
Kisumu,Kisumu Central,2025-06-01 23:20:11.517159,47.269215546100654,79.7700495331579,34.121089104681104,65.97472673278403,66.99244224528361
Kisumu,Kisumu Central,2025-07-01 23:20:11.517159,24.879014905374206,82.83083413668733,44.59547527123692,74.18561257340201,44.787546745279954
Kisumu,Kisumu Central,2025-08-01 23:20:11.517159,61.43063179385484,77.61914764003456,36.10702939017476,59.82770057590734,40.81199083992852
Kisumu,Kisumu Central,2025-09-01 23:20:11.517159,48.36589351424527,82.7897845948678,49.59789446710481,80.00644501283679,40.35454733876409
Kisumu,Kisumu Central,2025-10-01 23:20:11.517159,25.89045208614897,60.83381742165079,41.001232546804964,84.24327221911543,62.727897002199256
Kisumu,Kisumu Central,2025-11-01 23:20:11.517159,42.2816977704547,79.80755581319056,44.15095800520035,86.19104637366016,63.18976225722218
Kisumu,Kisumu Central,2025-12-01 23:20:11.517159,22.00218068133272,46.91987481903695,75.25375284396236,52.118904533168006,54.54411116982854
Kisumu,Kisumu Central,2026-01-01 23:20:11.517159,51.95091142687886,49.16380626480058,69.14221769481526,68.82351143658929,53.08559616523357
Kisumu,Kisumu Central,2026-02-01 23:20:11.517159,33.727848880118295,34.57024446733519,70.21827968809394,45.76020514294309,35.88793047828394
Kisumu,Seme,2025-03-01 23:20:11.517159,53.450962510508774,60.10966622963949,30.22653188913837,73.9518022934928,43.58959125562584
Kisumu,Seme,2025-04-01 23:20:11.517159,47.131443220139104,80.36895548718192,40.28775934628724,74.21708170838987,88.78643260873093
Kisumu,Seme,2025-05-01 23:20:11.517159,44.93082920240491,44.85293213783007,69.83862378738436,76.62385198081631,63.915903442101964
Kisumu,Seme,2025-06-01 23:20:11.517159,28.625852464751944,86.43378528328559,48.45229515158316,43.63277066313091,57.74515688478589
Kisumu,Seme,2025-07-01 23:20:11.517159,69.60021787606561,38.71863847383433,49.013218875650566,84.96077831485965,64.87800065100573
Kisumu,Seme,2025-08-01 23:20:11.517159,66.09511180445428,41.291888571994875,82.60944378077397,73.49337834412331,48.0292022922967
Kisumu,Seme,2025-09-01 23:20:11.517159,27.915930742026923,86.0852671106379,52.44577739313469,93.23875272760276,56.78985579816435
Kisumu,Seme,2025-10-01 23:20:11.517159,52.566115439415555,70.00054099936082,64.36889882138661,50.00968132472128,70.94461766262245
Kisumu,Seme,2025-11-01 23:20:11.517159,41.23084969104883,75.46660828764934,33.23326631776603,88.10396226304826,64.64180843579098
Kisumu,Seme,2025-12-01 23:20:11.517159,22.16880812606663,68.79886045374975,67.33662918677751,83.43692977387423,80.05163034661376
Kisumu,Seme,2026-01-01 23:20:11.517159,30.650403888113217,72.12455630301105,82.53897482422472,56.01308345091501,68.14256893388719
Kisumu,Seme,2026-02-01 23:20:11.517159,27.747878499784544,54.05539082940502,75.41506172254105,61.91147736612994,83.63770174611852
Kisumu,Nyando,2025-03-01 23:20:11.517159,55.55273438693805,54.25202094795224,50.67194172895836,52.06939867179639,43.17385793974617
Kisumu,Nyando,2025-04-01 23:20:11.517159,29.607671226905662,34.29157025956645,25.424757583007807,85.80871708877933,81.70385249238662
Kisumu,Nyando,2025-05-01 23:20:11.517159,35.37119464842189,35.049861950517744,66.52049433655034,89.10475016704311,37.602654304587965
Kisumu,Nyando,2025-06-01 23:20:11.517159,24.16871152671802,58.585462306199716,50.921823067900476,87.0852111285553,38.20837017275794
Kisumu,Nyando,2025-07-01 23:20:11.517159,57.43068275749822,31.698804531831335,35.102211380197865,93.23105114114857,53.52671131907289
Kisumu,Nyando,2025-08-01 23:20:11.517159,50.61466524131041,58.57218688467194,79.5325341544294,84.01533413867007,35.71316133495469
Kisumu,Nyando,2025-09-01 23:20:11.517159,40.58683492591347,34.46247718074993,51.86468257464348,81.90320100134005,84.24320889890302
Kisumu,Nyando,2025-10-01 23:20:11.517159,31.02020024452616,64.86573805913301,50.6359127596409,65.26494614264075,49.63745396432582
Kisumu,Nyando,2025-11-01 23:20:11.517159,38.16448621146172,88.27553814364384,53.733722460090966,81.51463763524397,85.68830247695513
Kisumu,Nyando,2025-12-01 23:20:11.517159,65.28549627734643,37.135061759321225,72.91733036968292,86.43942610237977,80.87000371792874
Kisumu,Nyando,2026-01-01 23:20:11.517159,49.7530981074364,70.93888097508386,33.28823094224259,58.83487944863681,85.74935930430881
Kisumu,Nyando,2026-02-01 23:20:11.517159,33.898526112087055,73.78493197725389,79.82651613215845,72.43108862019929,41.450762315948445
Nakuru,Nakuru Town West,2025-03-01 23:20:11.517159,69.97831789478053,69.33430540501439,52.5176532197373,75.63184711956265,50.03726126699105
Nakuru,Nakuru Town West,2025-04-01 23:20:11.517159,62.914579157930405,78.45633773525259,54.18479817167365,78.46573870144698,62.618417442066985
Nakuru,Nakuru Town West,2025-05-01 23:20:11.517159,37.043113347714815,38.859867539424485,40.330815224191305,86.76026043348452,43.86386104426848
Nakuru,Nakuru Town West,2025-06-01 23:20:11.517159,68.42231885904528,57.49197546674989,40.75834626868688,64.74250708448675,50.677049288749615
Nakuru,Nakuru Town West,2025-07-01 23:20:11.517159,55.62936464639698,70.30646994827063,74.92362679905429,40.71731351287018,74.11996501920726
Nakuru,Nakuru Town West,2025-08-01 23:20:11.517159,63.30657148177866,72.0091392073135,49.89463378707545,86.35424560046314,60.605673981119196
Nakuru,Nakuru Town West,2025-09-01 23:20:11.517159,44.635387510798495,73.5803390019918,31.977297357927032,83.43223382411506,86.7364357290281
Nakuru,Nakuru Town West,2025-10-01 23:20:11.517159,55.79521060548541,46.579722877710026,66.91448348521271,81.18259714537022,64.60564689479014
Nakuru,Nakuru Town West,2025-11-01 23:20:11.517159,53.832819098856795,39.628458412194725,32.03899693724362,63.351039033617845,80.6737667773879
Nakuru,Nakuru Town West,2025-12-01 23:20:11.517159,62.73849530859853,52.96237797625266,43.28175958801416,42.986580400338376,39.83592991241152
Nakuru,Nakuru Town West,2026-01-01 23:20:11.517159,46.61428647084606,56.502072866015,35.73428268619587,41.57867949796989,76.92944930045675
Nakuru,Nakuru Town West,2026-02-01 23:20:11.517159,26.526189834410893,62.73422485899609,67.58730906997211,79.87360836085784,60.64949042044312
Nakuru,Nakuru Town East,2025-03-01 23:20:11.517159,35.745628933923435,51.489824394724046,75.51115861449567,54.400777695835075,86.37544517294191
Nakuru,Nakuru Town East,2025-04-01 23:20:11.517159,27.91098573869474,81.24981575411633,48.66902052143174,76.42301152142461,59.35089088617116
Nakuru,Nakuru Town East,2025-05-01 23:20:11.517159,51.93708301456323,59.639146702464714,32.631437058676326,89.6446592333237,81.44202385119327
Nakuru,Nakuru Town East,2025-06-01 23:20:11.517159,64.9581924665677,78.72249653526916,36.689482493415724,78.48352603446443,46.663641943503805
Nakuru,Nakuru Town East,2025-07-01 23:20:11.517159,41.344866883028416,37.590406349611946,47.668440333517154,84.34471130258584,36.57948168523789
Nakuru,Nakuru Town East,2025-08-01 23:20:11.517159,69.93124483739685,37.71820207455077,69.80201277258791,58.28063410832076,84.90638069999184
Nakuru,Nakuru Town East,2025-09-01 23:20:11.517159,69.11341557150882,78.30157531136416,46.89125144046741,85.17483333734853,41.16189539002035
Nakuru,Nakuru Town East,2025-10-01 23:20:11.517159,46.15507508117513,66.65262729507003,64.06913125270677,83.0364381787565,39.217682186003735
Nakuru,Nakuru Town East,2025-11-01 23:20:11.517159,39.95063545265761,83.29600948388034,77.48346459322667,93.86247514901558,82.39904081263734
Nakuru,Nakuru Town East,2025-12-01 23:20:11.517159,62.7408931213545,87.9415481988913,38.2743187351459,72.28373249152737,63.24793329281941
Nakuru,Nakuru Town East,2026-01-01 23:20:11.517159,62.9783813993741,39.83603113673966,45.639612188504245,56.22455980717504,51.459444614809684
Nakuru,Nakuru Town East,2026-02-01 23:20:11.517159,43.65692600988508,51.97369489653317,63.6687712343915,88.58425370932852,43.726406481389624
Nakuru,Bahati,2025-03-01 23:20:11.517159,48.46511462016222,42.68282209010279,39.92794139654653,65.43205462750885,68.89006187589405
Nakuru,Bahati,2025-04-01 23:20:11.517159,36.39564981384774,66.91674136840092,79.85015371015064,69.01974513477043,82.45587005030404
Nakuru,Bahati,2025-05-01 23:20:11.517159,29.65089917750994,35.99332196255261,29.25651512669635,76.06396970793588,72.21971105366342
Nakuru,Bahati,2025-06-01 23:20:11.517159,35.86244780526388,44.53474425416696,79.6757489454585,79.13260333191658,61.28802607415519
Nakuru,Bahati,2025-07-01 23:20:11.517159,55.19062758850568,80.63168557873861,31.304814935751246,44.22569824714059,49.40042989947326
Nakuru,Bahati,2025-08-01 23:20:11.517159,25.895873823414377,49.570753283424274,46.12995411901399,66.57481746454813,78.58370429009655
Nakuru,Bahati,2025-09-01 23:20:11.517159,28.795687556759617,52.87097859615447,29.470514322189818,60.06212630284247,65.14502103196645
Nakuru,Bahati,2025-10-01 23:20:11.517159,58.008799871852055,46.88257116620757,50.162397627378475,65.16915366638746,58.889601558418775
Nakuru,Bahati,2025-11-01 23:20:11.517159,57.81877518510747,80.63682408276009,51.3859889313661,48.88252033798181,50.915718696107575
Nakuru,Bahati,2025-12-01 23:20:11.517159,61.64597682582978,42.26753532136598,25.764600436067703,54.24467919476337,42.97043540223487
Nakuru,Bahati,2026-01-01 23:20:11.517159,47.29395956253656,34.03667954508481,73.85397224376823,52.487517520636494,44.61784099393107
Nakuru,Bahati,2026-02-01 23:20:11.517159,45.67992851586631,58.18644543774997,70.37230545832006,68.29592526777617,35.65473474095017
Nakuru,Gilgil,2025-03-01 23:20:11.517159,69.23029443183,58.55366159004822,52.32619555897071,86.79565630986653,66.47836705109401
Nakuru,Gilgil,2025-04-01 23:20:11.517159,47.54098422370619,59.85459408595311,76.5346247467352,67.12618824227557,36.11641763517067
Nakuru,Gilgil,2025-05-01 23:20:11.517159,65.58437856885392,60.8541676813787,61.34356139128698,93.40943402148224,63.47308153293892
Nakuru,Gilgil,2025-06-01 23:20:11.517159,54.44603952876051,68.98204007121566,75.84655405689281,74.24371853826266,37.02831984340089
Nakuru,Gilgil,2025-07-01 23:20:11.517159,37.7255545900597,67.13079349417478,59.854428355266016,76.18264858253991,45.71214047937517
Nakuru,Gilgil,2025-08-01 23:20:11.517159,37.64951259377584,61.103254755678876,58.08108268443512,62.31133748870227,45.1088306398696
Nakuru,Gilgil,2025-09-01 23:20:11.517159,40.83939982966711,83.53920296812579,44.99383818230446,51.22481173998006,84.26279496036491
Nakuru,Gilgil,2025-10-01 23:20:11.517159,30.2290952458009,32.854402771783086,75.84045199142918,65.5202037617451,84.80331471705878
Nakuru,Gilgil,2025-11-01 23:20:11.517159,36.87638701492635,69.94426643219535,48.67048483375965,43.207633438079775,87.93673442031583
Nakuru,Gilgil,2025-12-01 23:20:11.517159,47.734426665478324,44.0114630355464,30.488271857384184,89.44815273271,55.39072544028753
Nakuru,Gilgil,2026-01-01 23:20:11.517159,32.86183645072424,56.952626622528626,79.34992568869131,48.74550382558204,49.602905490293736
Nakuru,Gilgil,2026-02-01 23:20:11.517159,41.34682268866828,79.96728826371353,29.3262205585346,64.43860593462918,78.43777821100302
Nakuru,Kuresoi,2025-03-01 23:20:11.517159,29.9568274118506,35.95977893577953,64.44963824932107,86.56396535466851,85.72431724151164
Nakuru,Kuresoi,2025-04-01 23:20:11.517159,58.70179339698227,53.18816394557793,26.01844105680684,52.70408801266713,64.66136088300244
Nakuru,Kuresoi,2025-05-01 23:20:11.517159,27.195143441754396,37.38047589894225,49.3195190559031,93.7181895337222,35.33561436580387
Nakuru,Kuresoi,2025-06-01 23:20:11.517159,31.937605145668982,44.2747121635437,70.60634644743806,94.33096103567543,59.090096800015004
Nakuru,Kuresoi,2025-07-01 23:20:11.517159,62.77667674445615,60.8297083241892,45.61339137333964,58.590022142775545,52.83360411037621
Nakuru,Kuresoi,2025-08-01 23:20:11.517159,61.92498109952162,83.80135706743172,30.204953370831618,53.55664609431136,58.733633860701126
Nakuru,Kuresoi,2025-09-01 23:20:11.517159,68.66572025924353,30.618781389729172,78.68600853715833,44.02257270284196,59.2856265198645
Nakuru,Kuresoi,2025-10-01 23:20:11.517159,35.91620914167194,84.45827018267431,54.39796249295743,65.93731426193807,70.76571816758926
Nakuru,Kuresoi,2025-11-01 23:20:11.517159,52.745467490600205,38.59395331469648,29.326988822569955,69.5703408626542,66.73818875826669
Nakuru,Kuresoi,2025-12-01 23:20:11.517159,68.07534357001413,36.97013144330292,28.684901534975214,61.23549569702975,41.9642791622628
Nakuru,Kuresoi,2026-01-01 23:20:11.517159,65.46807213820273,65.18760916598274,61.0110348699843,83.20773044610169,47.43967572246919
Nakuru,Kuresoi,2026-02-01 23:20:11.517159,31.896107543716475,47.93690004281187,71.33425195365265,68.25227480969231,80.21666477501022
Eldoret,Uasin Gishu,2025-03-01 23:20:11.517159,42.71074129985823,45.44925030128708,61.479450766902694,53.653259298474424,56.9521414539287
Eldoret,Uasin Gishu,2025-04-01 23:20:11.517159,35.47558360735067,36.110058142838916,28.434445581923825,87.72757903905375,62.490729250975434
Eldoret,Uasin Gishu,2025-05-01 23:20:11.517159,39.75631147298777,61.861698518986486,34.86594701557811,76.8987025520851,42.002966333798994
Eldoret,Uasin Gishu,2025-06-01 23:20:11.517159,66.00455334163445,89.31996932155847,78.81772418388758,41.41681791478739,79.49715513346543
Eldoret,Uasin Gishu,2025-07-01 23:20:11.517159,33.981925407587084,30.126303286119743,28.33612251696276,69.1606851616975,52.20342127391497
Eldoret,Uasin Gishu,2025-08-01 23:20:11.517159,25.791722267066824,66.84709552508198,69.80608027339517,87.01511781490726,39.55301491443751
Eldoret,Uasin Gishu,2025-09-01 23:20:11.517159,48.70545269349314,35.16946263040243,56.98983863183204,71.06358067366014,74.17303006120585
Eldoret,Uasin Gishu,2025-10-01 23:20:11.517159,43.5414399485346,38.115629258416234,32.31832632181137,86.29655595910211,47.35348821346108
Eldoret,Uasin Gishu,2025-11-01 23:20:11.517159,69.68242338132805,67.42953373750093,26.914065040818652,80.1599443977008,64.05283288437064
Eldoret,Uasin Gishu,2025-12-01 23:20:11.517159,61.390003545709305,69.37278415147804,41.12431221331934,72.30634272310368,67.53263952868642
Eldoret,Uasin Gishu,2026-01-01 23:20:11.517159,64.55540919630184,71.53078631731304,75.06434767056632,63.89739985331039,64.68981771148327
Eldoret,Uasin Gishu,2026-02-01 23:20:11.517159,27.063501042090703,60.377834114139134,80.767139653583,82.63851950071442,53.869519810985125
Eldoret,Moiben,2025-03-01 23:20:11.517159,65.81420636921735,35.838844671616606,62.051581355932115,89.03906148737644,67.81868056118958
Eldoret,Moiben,2025-04-01 23:20:11.517159,52.931661132976856,75.33021254726079,62.51086753556623,69.57971087123002,50.460578896307396
Eldoret,Moiben,2025-05-01 23:20:11.517159,43.42633573870994,66.86460329386196,65.59451917194609,71.77159074191653,37.18979554552365
Eldoret,Moiben,2025-06-01 23:20:11.517159,58.15450342865246,80.40221171828702,31.54267249655808,72.07215637365613,37.78984626095399
Eldoret,Moiben,2025-07-01 23:20:11.517159,30.590297857686764,54.22599586543349,47.19146410709649,78.83220439314567,38.36044707109184
Eldoret,Moiben,2025-08-01 23:20:11.517159,43.05931431470884,50.701684418465646,62.540126843059596,61.15361759821882,57.11015038950046
Eldoret,Moiben,2025-09-01 23:20:11.517159,41.18763288443222,81.65450687365845,35.92496712934077,57.10260041234277,75.14940303151758
Eldoret,Moiben,2025-10-01 23:20:11.517159,33.919875792727,30.23847998006785,40.14076648153205,73.56984343572296,78.4501401412839
Eldoret,Moiben,2025-11-01 23:20:11.517159,56.23221369139325,32.323755945786,40.23190954482044,51.28859494313531,69.85280452166694
Eldoret,Moiben,2025-12-01 23:20:11.517159,24.569400636647575,66.70755341729313,71.83278069574916,94.0976557111569,67.73833046998064
Eldoret,Moiben,2026-01-01 23:20:11.517159,56.89311555668764,64.4149106710606,62.98873471188401,82.21342246081483,36.18173630295652
Eldoret,Moiben,2026-02-01 23:20:11.517159,68.77497912313513,45.66835084661288,57.39040342850734,49.02003999360825,72.0179829850963
Eldoret,Ainabkoi,2025-03-01 23:20:11.517159,53.89499868208852,72.06285557904604,81.40032441256469,77.48432227690004,89.70733280620647
Eldoret,Ainabkoi,2025-04-01 23:20:11.517159,33.34937579989085,63.064182737932626,28.18089316368767,65.35615431547667,66.55834217348325
Eldoret,Ainabkoi,2025-05-01 23:20:11.517159,48.29741835545213,52.48240887320664,43.020420651297584,84.97201505201483,39.788185880687486
Eldoret,Ainabkoi,2025-06-01 23:20:11.517159,62.20912816156034,30.19867401250355,73.12081243836218,81.67604586458845,56.915236551559644
Eldoret,Ainabkoi,2025-07-01 23:20:11.517159,28.000128310124445,88.95786485018279,76.80208171067821,76.73572084200468,61.161587202133425
Eldoret,Ainabkoi,2025-08-01 23:20:11.517159,27.639451092287068,49.43858003684015,27.912974730434712,44.92499480660048,36.93721029571992
Eldoret,Ainabkoi,2025-09-01 23:20:11.517159,63.83298919037767,31.440733142090163,35.62019938287219,48.07113391785704,72.81623741334397
Eldoret,Ainabkoi,2025-10-01 23:20:11.517159,44.37224411807921,86.13379428416872,80.25704632241151,83.56355852497867,63.4235848615225
Eldoret,Ainabkoi,2025-11-01 23:20:11.517159,37.68603622045259,69.9195192618713,26.697304311491813,92.59985111864756,62.17238788368469
Eldoret,Ainabkoi,2025-12-01 23:20:11.517159,20.080438368794134,66.89779962902777,54.14492724792707,81.23314184417777,86.57464997361981
Eldoret,Ainabkoi,2026-01-01 23:20:11.517159,39.13996296126174,71.29392030923833,46.825133031944596,42.16774407198867,37.89227274232329
Eldoret,Ainabkoi,2026-02-01 23:20:11.517159,58.75448070660376,64.63897079525859,73.113904850319,69.24550223352847,45.118078287108446
Eldoret,Kapseret,2025-03-01 23:20:11.517159,49.02454009626279,38.18075624626237,43.99185653208424,66.4450954343699,58.56310536519632
Eldoret,Kapseret,2025-04-01 23:20:11.517159,23.62839233352971,84.74256260129832,74.9370283424149,40.330819645039405,69.19615971323516
Eldoret,Kapseret,2025-05-01 23:20:11.517159,61.587296968074675,41.45242878259056,84.4963879557332,43.04784520457996,67.65994282839671
Eldoret,Kapseret,2025-06-01 23:20:11.517159,45.57383686041577,64.223142249915,47.66391118076703,68.65887860129365,77.41535180875678
Eldoret,Kapseret,2025-07-01 23:20:11.517159,21.953454534632392,73.94106723373956,27.257907366615935,89.93167329762561,44.052699497604
Eldoret,Kapseret,2025-08-01 23:20:11.517159,50.63602327146508,63.67241568028463,76.56514660909565,61.79288077521518,80.05006538716691
Eldoret,Kapseret,2025-09-01 23:20:11.517159,24.123559263621534,75.71796336621014,74.00991641221043,43.01591825501811,42.15799865159662
Eldoret,Kapseret,2025-10-01 23:20:11.517159,65.98875884851958,60.5564098783984,47.8097912300578,78.2311147919767,59.51942324620533
Eldoret,Kapseret,2025-11-01 23:20:11.517159,67.546660738333,75.14570322588435,34.59807281267696,86.59253322248642,69.78670890513419
Eldoret,Kapseret,2025-12-01 23:20:11.517159,48.10899527618089,64.38962914626964,79.39649294906246,50.83917907526107,53.23593405724881
Eldoret,Kapseret,2026-01-01 23:20:11.517159,51.5936944347816,80.54183986503456,56.45526699867092,79.20188269473861,38.600532141621876
Eldoret,Kapseret,2026-02-01 23:20:11.517159,22.535452646163243,78.63511360502892,52.15026864687297,71.2146019477031,35.076337725498064
Eldoret,Turbo,2025-03-01 23:20:11.517159,25.543768612287014,53.62126669727225,77.5406025611617,82.21555131387785,78.43610095861143
Eldoret,Turbo,2025-04-01 23:20:11.517159,47.67443614984576,52.19346505778589,48.92721444146244,72.31167049362627,51.064487502373666
Eldoret,Turbo,2025-05-01 23:20:11.517159,38.20393921804323,88.54522493339542,57.791684667537986,59.363658766654154,79.79716808044657
Eldoret,Turbo,2025-06-01 23:20:11.517159,58.90392039975632,47.110794937465556,76.68887894796006,66.49227848309611,82.70290424694926
Eldoret,Turbo,2025-07-01 23:20:11.517159,69.6359669429803,59.90836906781671,48.21488521308203,86.76115779809501,66.79438462588602
Eldoret,Turbo,2025-08-01 23:20:11.517159,42.42152355541053,67.41974977881566,61.48293179318707,87.30589797465991,64.02172816625722
Eldoret,Turbo,2025-09-01 23:20:11.517159,62.89572231932762,30.144314189088444,43.98703030790173,83.49232200911378,85.79779825065529
Eldoret,Turbo,2025-10-01 23:20:11.517159,27.479607546516128,30.05293555374548,51.27541670523597,94.68401234081642,74.21712230706876
Eldoret,Turbo,2025-11-01 23:20:11.517159,25.401036120249785,89.51959321424181,60.256802007864906,78.97435170758773,70.02204036389392
Eldoret,Turbo,2025-12-01 23:20:11.517159,29.873146158537438,60.447112294591705,83.71070772480219,85.38568127782113,52.60386120078772
Eldoret,Turbo,2026-01-01 23:20:11.517159,23.636645850307914,59.5403644096463,60.51288871851895,46.66761113683475,43.17475947408455
Eldoret,Turbo,2026-02-01 23:20:11.517159,29.77490247091827,85.63672728097927,43.326610969078835,88.6434273511945,47.04914938189425
Thika,Thika Town,2025-03-01 23:20:11.517159,58.077382828645376,79.4447260672501,58.057732209515684,40.03814689318079,87.37295202792032
Thika,Thika Town,2025-04-01 23:20:11.517159,35.45583755115202,63.39637558202895,74.10366071185385,68.82911885728336,46.99389577481102
Thika,Thika Town,2025-05-01 23:20:11.517159,57.353663866636694,54.732377274726645,80.6152675976021,58.12906443859546,45.54852555297674
Thika,Thika Town,2025-06-01 23:20:11.517159,68.15306530017843,51.297064014265885,42.649405203452154,61.04191804519001,81.73561793612049
Thika,Thika Town,2025-07-01 23:20:11.517159,68.44543027487094,37.471676720171736,77.9744323646998,68.35870512232142,74.35088605431608
Thika,Thika Town,2025-08-01 23:20:11.517159,24.253654363742996,48.02566388088618,31.192007037502865,80.94008842410705,76.891921382129
Thika,Thika Town,2025-09-01 23:20:11.517159,60.33435103332206,51.93096723258937,39.08401341909217,83.72058860563428,44.15737376181585
Thika,Thika Town,2025-10-01 23:20:11.517159,29.471108748034744,43.86729099844801,83.14077505824756,42.27951058197338,51.80257997646182
Thika,Thika Town,2025-11-01 23:20:11.517159,52.81363607403199,71.91367178986744,80.35951080529316,93.07478598945949,79.94744469182126
Thika,Thika Town,2025-12-01 23:20:11.517159,33.4371755472005,75.90238867990615,59.494924445584594,89.92989966129275,76.18178699859563
Thika,Thika Town,2026-01-01 23:20:11.517159,35.43077375417933,76.59793581718628,50.88689015357132,85.81471871192761,40.26784300419875
Thika,Thika Town,2026-02-01 23:20:11.517159,46.06055766842742,68.35771678344796,56.229084756558194,74.64687379209103,48.59147953673548
Thika,Gatundu,2025-03-01 23:20:11.517159,40.76971950789053,33.346584384935284,44.33838080033513,75.78292807498187,73.08100279064251
Thika,Gatundu,2025-04-01 23:20:11.517159,64.77382858638742,89.12935542624444,35.85995466709747,49.244787649313594,68.28808940536365
Thika,Gatundu,2025-05-01 23:20:11.517159,30.18326862634322,34.61634121816212,46.54569967922326,48.02428644864355,36.03203263607624
Thika,Gatundu,2025-06-01 23:20:11.517159,49.56482012505485,41.792015907075154,41.44476175540322,53.411577950101076,67.20979101036377
Thika,Gatundu,2025-07-01 23:20:11.517159,68.39254732824998,63.25841742094321,35.18838574237657,77.17812094169767,87.27654264284128
Thika,Gatundu,2025-08-01 23:20:11.517159,25.40449802542326,35.492193160381134,82.59978759003454,83.62297062221234,40.37688867666363
Thika,Gatundu,2025-09-01 23:20:11.517159,46.97575869792145,45.17570001322245,58.4888256197275,51.33361849958289,35.338756096838964
Thika,Gatundu,2025-10-01 23:20:11.517159,30.088481426491782,69.58887819083381,31.83903993147885,94.8487757349815,37.25554839961472
Thika,Gatundu,2025-11-01 23:20:11.517159,31.552280726232475,58.47923915682747,33.92968994501918,54.524677242369755,64.47873540626685
Thika,Gatundu,2025-12-01 23:20:11.517159,57.93681494545744,46.3020905441343,56.25115638918494,48.420408092890874,54.04652030695647
Thika,Gatundu,2026-01-01 23:20:11.517159,28.479110385382615,81.80599099998577,63.357202495941245,93.63168688911367,78.94040960339593
Thika,Gatundu,2026-02-01 23:20:11.517159,35.18208007164453,74.82636256612525,35.65212162531014,53.820217360935274,43.754485138667945
Thika,Juja,2025-03-01 23:20:11.517159,35.306677273366006,62.26068155621282,54.53327167854745,75.11641779524095,50.28841162291978
Thika,Juja,2025-04-01 23:20:11.517159,38.013321008519746,37.58205129696117,71.25623007494846,74.89645277148227,60.122268000178565
Thika,Juja,2025-05-01 23:20:11.517159,31.691235195944778,56.45396849985793,39.235185962136526,94.65623804062554,56.680486732913465
Thika,Juja,2025-06-01 23:20:11.517159,32.326375243873215,48.52706946946992,26.518512413657916,68.50061283778982,73.96497092831072
Thika,Juja,2025-07-01 23:20:11.517159,27.76794783879976,38.0627166966149,36.199695262650664,93.6605856391584,80.25894000461426
Thika,Juja,2025-08-01 23:20:11.517159,33.096969865586104,65.68608042535682,64.6504319499376,79.14741279551083,59.19681836828045
Thika,Juja,2025-09-01 23:20:11.517159,34.11625906693419,37.83288733008702,55.99142913227783,62.21674364852181,42.363922227670045
Thika,Juja,2025-10-01 23:20:11.517159,58.20665796057918,57.9729251752334,63.337309043954775,45.77184116804705,38.29129838638379
Thika,Juja,2025-11-01 23:20:11.517159,58.20804099434087,39.248366320900544,50.970656196664706,66.07238796957046,51.786590131842985
Thika,Juja,2025-12-01 23:20:11.517159,48.62155264698217,31.63029376977057,82.26504481060701,41.70431464530058,35.54169737738441
Thika,Juja,2026-01-01 23:20:11.517159,26.041400913907264,81.37964370879621,61.350652250300904,82.13013254812009,70.93435672901677
Thika,Juja,2026-02-01 23:20:11.517159,61.11541309826693,61.90581077070119,65.10478366685969,69.89881348826196,65.21538009958454
Thika,Kiambu,2025-03-01 23:20:11.517159,56.25200633362034,41.115819496776396,49.0240881846722,77.09605588151395,55.575380254650625
Thika,Kiambu,2025-04-01 23:20:11.517159,54.64847291615848,34.66131259832516,83.30438060113005,78.13918057877936,41.559508057217755
Thika,Kiambu,2025-05-01 23:20:11.517159,68.85784063171761,84.70880541383394,36.56567548259568,48.36658928596929,64.62271881114427
Thika,Kiambu,2025-06-01 23:20:11.517159,51.361674430670845,41.455504736395696,72.92926287957263,88.81411370562509,79.07825608772907
Thika,Kiambu,2025-07-01 23:20:11.517159,50.497708638576505,50.9461128791076,36.09287521801073,84.1419219074945,45.458606030595
Thika,Kiambu,2025-08-01 23:20:11.517159,57.40169671028555,42.962513352383446,48.98654506807573,85.12256286464248,75.36512747346458
Thika,Kiambu,2025-09-01 23:20:11.517159,20.27324208190477,73.45834544496665,41.271326011834354,94.2279715920887,75.0568253562218
Thika,Kiambu,2025-10-01 23:20:11.517159,53.42994685710381,54.32647036505058,55.75801492446685,57.27347946354017,67.89958398439792
Thika,Kiambu,2025-11-01 23:20:11.517159,28.960371358626418,39.327733462585954,69.79277175105,46.662529141871374,88.02577188610297
Thika,Kiambu,2025-12-01 23:20:11.517159,47.60668840186028,77.93934906273972,44.10396862156945,44.32168055703497,38.595599439915354
Thika,Kiambu,2026-01-01 23:20:11.517159,20.596365844343943,52.58088097413912,51.49881288730326,59.61700244283557,37.18345946133996
Thika,Kiambu,2026-02-01 23:20:11.517159,25.175703109118523,79.98444794603598,61.22958423496289,45.05982185954435,69.98643656343035
Thika,Ruiru,2025-03-01 23:20:11.517159,55.011165533802064,46.76747374513073,46.92153723352282,80.81354393432446,71.72846428681757
Thika,Ruiru,2025-04-01 23:20:11.517159,40.27269596345029,48.498759854609595,48.29501675514177,71.35416689967201,73.42149282651901
Thika,Ruiru,2025-05-01 23:20:11.517159,45.42724984050311,32.49118875658573,47.858085900615364,88.86620336560952,82.37008374886796
Thika,Ruiru,2025-06-01 23:20:11.517159,68.86559232208671,89.58353408683283,61.28397028474209,54.76300515960213,59.150439022368005
Thika,Ruiru,2025-07-01 23:20:11.517159,37.867601622842216,30.96293397616717,50.639386819484855,61.16411430505413,39.38729998361712
Thika,Ruiru,2025-08-01 23:20:11.517159,21.087790090980263,81.88300465828627,41.38405005831567,92.14672129478035,83.68139616748338
Thika,Ruiru,2025-09-01 23:20:11.517159,69.67701946044832,77.77756056964277,58.81954561768903,85.52422381017846,60.32645589227739
Thika,Ruiru,2025-10-01 23:20:11.517159,60.97687818660714,65.79604672350659,58.22784036732519,42.04045614217323,71.55044007028371
Thika,Ruiru,2025-11-01 23:20:11.517159,27.96437439295628,38.626892425020856,27.26915449253375,70.81667542306435,78.08366414129155
Thika,Ruiru,2025-12-01 23:20:11.517159,47.94870673614041,73.7518408439239,31.23877416069235,78.31963265958612,53.52892871984305
Thika,Ruiru,2026-01-01 23:20:11.517159,46.40241066187858,30.381899311415868,62.28137594052238,93.30689109104502,77.1393228231932
Thika,Ruiru,2026-02-01 23:20:11.517159,57.89456042666505,69.57983761977508,81.50604084237705,93.95431715186464,77.22602030629629
Kitale,Teso North,2025-03-01 23:20:11.517159,46.294726810521524,51.18646002628624,41.682117605978945,90.70119233073157,83.59610088325589
Kitale,Teso North,2025-04-01 23:20:11.517159,31.450756445745377,88.40880878590377,36.76269092508289,72.41667306224251,59.23130048599732
Kitale,Teso North,2025-05-01 23:20:11.517159,45.92671858175285,30.30549201524005,33.15219373108597,76.77764312514029,70.26867479641945
Kitale,Teso North,2025-06-01 23:20:11.517159,31.020532733264332,40.881364038573636,27.057861831026372,83.90009958029614,35.28776664741977
Kitale,Teso North,2025-07-01 23:20:11.517159,37.84399176007762,50.86255479663976,70.8809201792346,42.80739780183306,52.13693275889723
Kitale,Teso North,2025-08-01 23:20:11.517159,58.27499783172537,66.86205411821675,33.21580904645033,91.57601050805539,55.19775509803613
Kitale,Teso North,2025-09-01 23:20:11.517159,33.3747336486071,33.337906461719506,64.85971753282637,61.48426019618961,57.80445056842178
Kitale,Teso North,2025-10-01 23:20:11.517159,29.41060833410569,38.76272062101821,55.86291115225619,71.72676078652748,39.20845598068381
Kitale,Teso North,2025-11-01 23:20:11.517159,32.92227102294039,40.940465716998425,28.296300950534995,40.77706213956276,75.17534410149767
Kitale,Teso North,2025-12-01 23:20:11.517159,52.003895207500314,77.57800803483346,54.98557075901054,43.90890853420494,43.65653572144825
Kitale,Teso North,2026-01-01 23:20:11.517159,60.75274639887385,45.649062751457826,33.156785894015925,60.61042420191582,86.60610691692574
Kitale,Teso North,2026-02-01 23:20:11.517159,25.364343535669292,82.05088534445287,62.75478258302207,73.46063515459889,78.35079049465308
Kitale,Teso South,2025-03-01 23:20:11.517159,52.89129093056696,35.13494684278377,57.260616805811566,52.670027124415924,65.64685260108607
Kitale,Teso South,2025-04-01 23:20:11.517159,25.534416908884754,60.93795426562393,65.00599764328177,52.853720705700674,51.19150086534169
Kitale,Teso South,2025-05-01 23:20:11.517159,33.32526302351681,76.14636810285084,70.03317964071167,40.69988570026951,57.879037186648276
Kitale,Teso South,2025-06-01 23:20:11.517159,47.99001580944535,87.9194017885466,75.58611094752479,93.96179607307278,35.76738001815014
Kitale,Teso South,2025-07-01 23:20:11.517159,26.996182412089347,86.57460368767302,28.11105089898806,71.18148533727461,61.10737973141049
Kitale,Teso South,2025-08-01 23:20:11.517159,65.38453346093584,65.61462717346653,37.34224713428219,68.84853162169148,54.90747946258469
Kitale,Teso South,2025-09-01 23:20:11.517159,61.13459943278709,60.17391650912967,75.10913909315812,54.96350125007347,76.07171301488441
Kitale,Teso South,2025-10-01 23:20:11.517159,56.54837939133966,70.48413104590287,81.1669009804722,55.92218924204724,89.83256073410742
Kitale,Teso South,2025-11-01 23:20:11.517159,22.079981274120296,46.733067355815955,39.322900018341294,43.291677837549074,65.69814429686944
Kitale,Teso South,2025-12-01 23:20:11.517159,34.53652434829084,71.04290646177034,52.22420274533346,49.309550271273785,43.41379895407346
Kitale,Teso South,2026-01-01 23:20:11.517159,67.24577696897596,76.95787788004458,57.59118651352725,51.22256233575736,89.87326514800478
Kitale,Teso South,2026-02-01 23:20:11.517159,69.86303750023075,84.56134455284592,34.71962050923294,73.73509523727293,80.2507495640049
Kitale,Nambale,2025-03-01 23:20:11.517159,63.3916694786167,65.05590248921413,64.30517159047072,86.10585281821228,57.32479638488646
Kitale,Nambale,2025-04-01 23:20:11.517159,64.62111939776894,45.15421581331165,76.58924726546329,79.10502211265803,36.931857070001385
Kitale,Nambale,2025-05-01 23:20:11.517159,26.67629054442827,66.83990644468273,45.85310527463008,78.98369878011331,44.108553469804896
Kitale,Nambale,2025-06-01 23:20:11.517159,32.69453832036585,57.885174385761424,51.03570304241072,40.92479851564371,69.8616488019188
Kitale,Nambale,2025-07-01 23:20:11.517159,54.53994635080594,59.389349273294116,48.964997158357534,52.41926419373954,80.85216157369408
Kitale,Nambale,2025-08-01 23:20:11.517159,39.59849750418974,74.40590377076364,27.1639131563565,54.56562789015946,89.29382350336742
Kitale,Nambale,2025-09-01 23:20:11.517159,32.436751780658945,45.259051458625024,35.125417072432334,54.31340702187945,56.08331202837333
Kitale,Nambale,2025-10-01 23:20:11.517159,26.904676510447423,74.45621370105243,35.221522576605224,67.42708060875339,75.38933638906519
Kitale,Nambale,2025-11-01 23:20:11.517159,62.99326476539256,67.96135924980261,31.127828984769486,58.60585440777279,86.13967180138584
Kitale,Nambale,2025-12-01 23:20:11.517159,25.0746862533584,66.93411670902786,72.76725956847282,91.27790288649506,81.4035604709199
Kitale,Nambale,2026-01-01 23:20:11.517159,56.49585282877924,57.74893549770228,36.37044407109472,86.62034134267998,71.91629648315731
Kitale,Nambale,2026-02-01 23:20:11.517159,28.759749314545488,35.483614017001386,67.19536568099132,79.68437820917924,55.49274127208692
Kitale,Matayos,2025-03-01 23:20:11.517159,48.867686947222154,39.35246136110159,39.63456809990664,86.58296877087378,45.09412434830989
Kitale,Matayos,2025-04-01 23:20:11.517159,69.34867718295318,53.49292317552782,83.03405712724258,68.5434970817696,49.929383270144896
Kitale,Matayos,2025-05-01 23:20:11.517159,33.6880562454682,88.06637091644401,63.32960191456594,41.41951732410605,79.15568497963311
Kitale,Matayos,2025-06-01 23:20:11.517159,38.512253335020084,52.5559287693129,61.355493681247935,49.690539388570585,72.6422155141367
Kitale,Matayos,2025-07-01 23:20:11.517159,48.17443360039148,40.451380243387526,56.784948788904146,73.59519546420853,38.18416154545413
Kitale,Matayos,2025-08-01 23:20:11.517159,38.90851186764763,38.01249728058625,82.50982832077783,42.252493103633455,76.8959562070598
Kitale,Matayos,2025-09-01 23:20:11.517159,41.35280001410605,58.086864984545215,45.24917086237102,85.18890128566582,81.72938522835918
Kitale,Matayos,2025-10-01 23:20:11.517159,60.326470458607446,51.457782592897104,63.761548363318646,49.28981713745229,70.19052944369693
Kitale,Matayos,2025-11-01 23:20:11.517159,31.57721088533284,82.46273714250349,59.168855851364086,91.15501989756675,44.36546990323779
Kitale,Matayos,2025-12-01 23:20:11.517159,44.68691458293618,89.12347375777618,35.782925826683865,65.23793170563188,45.31632815590971
Kitale,Matayos,2026-01-01 23:20:11.517159,26.69889912677235,31.387784320544057,80.6126758104518,62.35800032492739,62.98677778652656
Kitale,Matayos,2026-02-01 23:20:11.517159,34.421174615136024,32.21979607989668,47.73673382206075,51.35416140448895,75.94875137314625
Kitale,Butula,2025-03-01 23:20:11.517159,69.77814318402201,80.71514009970544,36.344142393873184,56.64074624360044,57.673494389517444
Kitale,Butula,2025-04-01 23:20:11.517159,22.053515204100297,82.96204507926538,60.890423384055275,41.44494560351158,76.928201469794
Kitale,Butula,2025-05-01 23:20:11.517159,42.57360003185765,63.36218297675687,73.22728839454162,74.5486752234242,86.07907752741148
Kitale,Butula,2025-06-01 23:20:11.517159,51.271316117445494,85.48455691692112,30.38636169953857,79.00109090496102,87.7471398254877
Kitale,Butula,2025-07-01 23:20:11.517159,24.92060707125002,35.55583210406761,27.452122211315377,74.75504424759552,86.69530331872207
Kitale,Butula,2025-08-01 23:20:11.517159,50.98541651206797,71.79993559282278,63.59150737231125,69.43512043854065,82.90997546320816
Kitale,Butula,2025-09-01 23:20:11.517159,59.49676313081342,74.84175973319574,35.580480150765965,92.56793958339455,41.26683293315061
Kitale,Butula,2025-10-01 23:20:11.517159,56.77731882267557,40.40955967805909,67.27704588256925,50.37641496646836,66.29685669480067
Kitale,Butula,2025-11-01 23:20:11.517159,37.1792833514111,40.89644239218893,83.09832303914892,48.16235043239058,75.83813419538441
Kitale,Butula,2025-12-01 23:20:11.517159,69.12932269102961,86.71720102717524,63.754512185057585,51.2953567843919,43.20814296799933
Kitale,Butula,2026-01-01 23:20:11.517159,35.97037703191799,79.18333139188837,75.6761936052304,49.87171471901894,84.58220010889329
Kitale,Butula,2026-02-01 23:20:11.517159,33.60066005813704,30.184271765107365,76.11677197609944,51.38099390949744,51.054044250281336
Garissa,Garissa Township,2025-03-01 23:20:11.517159,43.71579975417875,57.00607599579921,55.94618114764113,74.77234125226879,38.43597594095051
Garissa,Garissa Township,2025-04-01 23:20:11.517159,63.63584405352439,49.83618821232004,30.68235159994756,49.140792155576776,86.03063116002781
Garissa,Garissa Township,2025-05-01 23:20:11.517159,64.69842797963506,66.9487142632663,73.32806163316432,41.01498286945232,73.21308073637246
Garissa,Garissa Township,2025-06-01 23:20:11.517159,42.07422065960205,84.73757054775606,41.80164751681944,70.58242607639525,56.724552049762586
Garissa,Garissa Township,2025-07-01 23:20:11.517159,69.72337317908286,43.433086328496756,66.78870197037341,94.47868885614272,36.72074325884416
Garissa,Garissa Township,2025-08-01 23:20:11.517159,35.4922481235728,81.2275713673252,48.712309423133874,93.78612606639922,53.568057190560694
Garissa,Garissa Township,2025-09-01 23:20:11.517159,33.19001319596646,48.43631461396357,36.18545978347433,82.97993256451355,76.9144109310256
Garissa,Garissa Township,2025-10-01 23:20:11.517159,26.226188707695474,47.39770793800695,66.4786183253816,74.79168400895745,41.019552893536144
Garissa,Garissa Township,2025-11-01 23:20:11.517159,65.06598517295241,67.14168251649812,71.60690765814724,52.88301978795409,52.32260662665709
Garissa,Garissa Township,2025-12-01 23:20:11.517159,63.72083132157884,44.130260867532115,73.01188811396699,81.61673523806088,49.68693636223876
Garissa,Garissa Township,2026-01-01 23:20:11.517159,57.023436956099296,57.20290167202673,58.2897100280693,94.69814878092245,62.69313752123941
Garissa,Garissa Township,2026-02-01 23:20:11.517159,65.63046091802548,75.61564273387901,38.60805208924151,74.87072653407296,74.20140100425145
Garissa,Balambala,2025-03-01 23:20:11.517159,64.9974449580596,82.18301326326068,59.77502613407934,48.98342376597388,35.42131042098358
Garissa,Balambala,2025-04-01 23:20:11.517159,39.382958916778165,72.70471928978583,37.332746947274885,54.30077491376697,37.51149688305682
Garissa,Balambala,2025-05-01 23:20:11.517159,63.02181102210993,65.71403216562648,75.58098901326332,44.19320729444324,45.374422004257134
Garissa,Balambala,2025-06-01 23:20:11.517159,58.34871403832371,57.43374852584549,41.74518282612469,81.8020785347363,57.26237189893175
Garissa,Balambala,2025-07-01 23:20:11.517159,39.84542374409795,42.76920495100785,51.002818323281375,92.83356389520085,51.07801386972609
Garissa,Balambala,2025-08-01 23:20:11.517159,59.12225130595488,45.87335867964292,70.56971789480986,41.454568589079905,49.45510261142388
Garissa,Balambala,2025-09-01 23:20:11.517159,54.742249996244254,77.51244865161178,31.902473223707254,86.75698930294604,63.054817276193646
Garissa,Balambala,2025-10-01 23:20:11.517159,64.17846572998471,56.74819500653025,61.34666423711402,58.1391229414496,78.89434382230536
Garissa,Balambala,2025-11-01 23:20:11.517159,63.285067276952645,50.63580415978941,47.88895187545267,91.82134056817233,83.8830655845264
Garissa,Balambala,2025-12-01 23:20:11.517159,50.933317676198754,56.72786238336546,26.364089003029537,94.10152717312774,37.91674286802594
Garissa,Balambala,2026-01-01 23:20:11.517159,23.506075136398636,38.12182402723723,50.606180887382045,65.08192822395809,72.99051875419065
Garissa,Balambala,2026-02-01 23:20:11.517159,43.05983392471698,49.90370712712216,33.902695752911725,70.8497766010932,88.06164277175277
Garissa,Lagdera,2025-03-01 23:20:11.517159,54.01035936271726,52.34283033047119,70.9551077659146,51.71460783874401,48.33352558566456
Garissa,Lagdera,2025-04-01 23:20:11.517159,35.84093716865519,59.0832685014922,32.07727953014541,83.71859572114079,54.47947153688836
Garissa,Lagdera,2025-05-01 23:20:11.517159,56.37139164809551,37.672318275861265,49.1491425924834,78.28652293569493,57.49946352577287
Garissa,Lagdera,2025-06-01 23:20:11.517159,24.12305798835904,62.02998397022268,62.46410610252841,63.82481085540082,83.94933860707533
Garissa,Lagdera,2025-07-01 23:20:11.517159,20.713445932944996,75.79067304137523,73.3424078116416,58.91141158722621,64.58399221555126
Garissa,Lagdera,2025-08-01 23:20:11.517159,39.946282779032465,87.15436683801232,44.83369151994916,93.30563717043341,78.91728216764042
Garissa,Lagdera,2025-09-01 23:20:11.517159,67.16869729249865,54.10889656932052,56.85022983486172,50.96299875950838,88.81403697181793
Garissa,Lagdera,2025-10-01 23:20:11.517159,41.140647271234464,71.91319779978998,56.28783580452187,88.10123199608398,39.10709912061123
Garissa,Lagdera,2025-11-01 23:20:11.517159,51.98964025217808,64.25317691848663,26.40192719913958,72.69046053323228,87.4484133704054
Garissa,Lagdera,2025-12-01 23:20:11.517159,58.95077765135089,41.53257071208914,63.23502337624803,73.70835119733034,76.54542217508924
Garissa,Lagdera,2026-01-01 23:20:11.517159,28.18401252893394,33.47835897854513,37.335166771087486,70.32568065135746,71.17390738280452
Garissa,Lagdera,2026-02-01 23:20:11.517159,20.45223398407728,89.51194920895342,56.65522113516762,43.34734254383275,35.94838144321865
Garissa,Dadaab,2025-03-01 23:20:11.517159,60.316213621650974,62.310196563592655,60.44717146771824,58.27018251812684,45.42594520976253
Garissa,Dadaab,2025-04-01 23:20:11.517159,39.40677434968521,89.50557453637981,27.010553649964667,84.80997814621529,79.20209053303446
Garissa,Dadaab,2025-05-01 23:20:11.517159,24.883963278222218,64.38821938367006,76.27500069632924,88.86376318428336,42.82003798201398
Garissa,Dadaab,2025-06-01 23:20:11.517159,37.58538638919954,86.25478876055153,46.21721205458816,71.70192395921211,71.68745109346169
Garissa,Dadaab,2025-07-01 23:20:11.517159,53.328335229839276,51.44852396771926,82.52936902519863,61.11091960033827,45.048500091345076
Garissa,Dadaab,2025-08-01 23:20:11.517159,66.4187293653097,89.48583868070506,71.9923525374191,51.267414832963944,60.71388913891673
Garissa,Dadaab,2025-09-01 23:20:11.517159,46.917575126760156,62.50185740771587,28.771023256098196,94.85263497758453,38.218338878075734
Garissa,Dadaab,2025-10-01 23:20:11.517159,36.855105474416916,36.44057526230098,69.13644108001006,90.1089979000959,67.7219126516553
Garissa,Dadaab,2025-11-01 23:20:11.517159,57.35027925174679,30.222416626787645,76.08190285085414,44.465251148124125,66.07683996383736
Garissa,Dadaab,2025-12-01 23:20:11.517159,38.5050112858971,38.88388776921616,47.49818955634155,86.44898533514444,63.947960498545996
Garissa,Dadaab,2026-01-01 23:20:11.517159,32.78069604743706,70.80122616173807,58.76417168754442,56.80833344654219,41.97860555100948
Garissa,Dadaab,2026-02-01 23:20:11.517159,69.63459864989426,55.06675807169386,36.58526613854306,92.1097589411361,36.58148965517486
Garissa,Fafi,2025-03-01 23:20:11.517159,58.59288899688874,39.18591602315139,65.95210566058779,88.82596578028591,89.6582326133524
Garissa,Fafi,2025-04-01 23:20:11.517159,58.88519115498354,84.70272742431519,62.447592223807,74.59196504623803,65.17990119875978
Garissa,Fafi,2025-05-01 23:20:11.517159,69.15822701984925,44.30841904056571,51.253841847115346,79.45194360940562,80.9118141303381
Garissa,Fafi,2025-06-01 23:20:11.517159,37.36509148460594,40.22064288600859,42.833577240213934,89.7774981734782,79.41830253028733
Garissa,Fafi,2025-07-01 23:20:11.517159,28.3766042187144,87.96658941633346,77.9832174675126,85.56783914662878,38.911215315097515
Garissa,Fafi,2025-08-01 23:20:11.517159,40.56804517332194,76.73688898870441,60.07242612414955,62.804343895303916,69.27707467847979
Garissa,Fafi,2025-09-01 23:20:11.517159,49.17311079645482,65.07529807803803,54.890604623543936,86.63073435305178,42.985302980112564
Garissa,Fafi,2025-10-01 23:20:11.517159,21.92611498456777,87.80939332030744,72.76796178119416,89.52183576827633,85.9969642886817
Garissa,Fafi,2025-11-01 23:20:11.517159,27.95144845857522,75.51243313572857,53.79756763319533,83.36400672304772,89.9312173536689
Garissa,Fafi,2025-12-01 23:20:11.517159,57.78320697314518,32.65559332776444,62.94860479728528,43.25755996981169,55.4929665916871
Garissa,Fafi,2026-01-01 23:20:11.517159,44.84942863169312,39.75404894439676,48.760972793732215,90.05404581277054,47.841137277448
Garissa,Fafi,2026-02-01 23:20:11.517159,69.08411678351328,84.98309811273947,47.96914447740963,67.02130973662902,67.33847797854713
Kakamega,Kakamega Central,2025-03-01 23:20:11.517159,36.681721398828174,80.42007609075115,79.98373666703807,69.65054633962365,39.33471948290824
Kakamega,Kakamega Central,2025-04-01 23:20:11.517159,40.0642211263099,55.79018773922554,33.13442765861559,80.61196493357549,56.96731546302519
Kakamega,Kakamega Central,2025-05-01 23:20:11.517159,54.22229000271545,39.09870860126146,33.546192787914066,42.66156430959891,62.61066083418217
Kakamega,Kakamega Central,2025-06-01 23:20:11.517159,63.672196770623586,79.30252039164841,58.45380298898312,68.58659764628332,52.39993959485193
Kakamega,Kakamega Central,2025-07-01 23:20:11.517159,53.810044740559235,69.26791244390142,31.386791219605357,53.63726456179876,59.305906512880796
Kakamega,Kakamega Central,2025-08-01 23:20:11.517159,40.246992113793695,33.597689700900744,54.50744337836939,61.89368693664778,62.82123690031082
Kakamega,Kakamega Central,2025-09-01 23:20:11.517159,53.07859678090451,35.968582997657805,82.6866863642674,50.2221161239001,54.71997348442002
Kakamega,Kakamega Central,2025-10-01 23:20:11.517159,53.50119879671197,49.40927958820533,58.473474404172194,89.08586067496205,45.40319493090796
Kakamega,Kakamega Central,2025-11-01 23:20:11.517159,40.00962658359732,89.41947082974028,68.11605789411169,60.89747003408888,84.6269886970914
Kakamega,Kakamega Central,2025-12-01 23:20:11.517159,69.84740543806933,65.41193629498954,63.463951041715,83.10138943495896,65.78493593601252
Kakamega,Kakamega Central,2026-01-01 23:20:11.517159,23.333859169049603,86.2553699218214,31.513888995690344,88.2942977070816,53.71841208040787
Kakamega,Kakamega Central,2026-02-01 23:20:11.517159,58.182977953955685,71.87539740867616,31.802129773676135,75.16191626440147,50.74725913436759
Kakamega,Kakamega East,2025-03-01 23:20:11.517159,34.7222537532283,48.62740705165447,37.97126620987529,61.20901475164787,51.84176706433463
Kakamega,Kakamega East,2025-04-01 23:20:11.517159,50.3979827266054,58.19529429520758,27.061287885052963,51.71845287827243,59.48048446990748
Kakamega,Kakamega East,2025-05-01 23:20:11.517159,55.401193057401045,66.23485135390908,36.37256575558098,45.862797293407525,73.0218599103688
Kakamega,Kakamega East,2025-06-01 23:20:11.517159,66.41822321756186,77.16981837574164,53.2244881786291,85.4351743419194,87.8300942528451
Kakamega,Kakamega East,2025-07-01 23:20:11.517159,44.538849754403536,46.302276605986414,62.29470736243057,56.45970063233432,46.64973378765342
Kakamega,Kakamega East,2025-08-01 23:20:11.517159,36.91151884135977,81.84395011373502,43.38903486544719,77.89692193457739,49.76778240202752
Kakamega,Kakamega East,2025-09-01 23:20:11.517159,53.44575969518084,38.64959291133766,28.220963774544302,54.40841624622872,50.36524225484827
Kakamega,Kakamega East,2025-10-01 23:20:11.517159,28.406533304761698,81.40247157475292,76.37270095948045,78.1376276818174,76.62531532097893
Kakamega,Kakamega East,2025-11-01 23:20:11.517159,53.94704430213647,69.70150674658656,47.5547903818447,90.24312994424798,55.41451917103703
Kakamega,Kakamega East,2025-12-01 23:20:11.517159,31.278042547538902,75.9786994523567,54.16761478158047,59.82204897131882,63.033889418401436
Kakamega,Kakamega East,2026-01-01 23:20:11.517159,50.57288380777638,32.44930364232045,62.73067275506078,83.35321574661262,84.44624643492466
Kakamega,Kakamega East,2026-02-01 23:20:11.517159,23.260197696768923,37.45812013412777,80.88982218514303,78.83926411109474,80.06702005959772
Kakamega,Kakamega West,2025-03-01 23:20:11.517159,67.49058416526715,55.47803410322782,63.70940715508475,41.898348375832924,47.91994525563938
Kakamega,Kakamega West,2025-04-01 23:20:11.517159,45.06281482734773,58.95382788011895,81.50557849876893,57.95718133142351,86.66995133342066
Kakamega,Kakamega West,2025-05-01 23:20:11.517159,63.119725087108705,32.360250812988795,58.57286489578098,83.12254166370857,76.23327221782186
Kakamega,Kakamega West,2025-06-01 23:20:11.517159,21.14025191387309,49.18689343694048,32.93803347813291,64.33421495482446,84.15719072237553
Kakamega,Kakamega West,2025-07-01 23:20:11.517159,47.57486860788725,53.12544316856005,47.44072869509513,65.01547748243642,52.99602845282999
Kakamega,Kakamega West,2025-08-01 23:20:11.517159,61.81949306475344,71.13830160001189,78.24736800319097,52.16538575319977,83.45356255580137
Kakamega,Kakamega West,2025-09-01 23:20:11.517159,64.05461870927766,54.910776215069646,60.16901916873209,67.48417508676187,43.754311610193234
Kakamega,Kakamega West,2025-10-01 23:20:11.517159,59.048550727603924,77.85913154000976,68.02803272528868,49.14431016764085,40.09529710060593
Kakamega,Kakamega West,2025-11-01 23:20:11.517159,20.13831354627519,67.66656020262468,28.065872543851988,70.62446375622078,53.36442710258663
Kakamega,Kakamega West,2025-12-01 23:20:11.517159,65.69036789864643,47.95093678273837,82.40911945616992,44.92060895454602,64.35853216330602
Kakamega,Kakamega West,2026-01-01 23:20:11.517159,29.621795285263552,68.86751272277868,37.98770692320002,94.69844842087934,49.60833316775846
Kakamega,Kakamega West,2026-02-01 23:20:11.517159,30.633871632671333,81.17179875297543,75.35161233278785,80.08534140572493,76.42833839858433
Kakamega,Lugari,2025-03-01 23:20:11.517159,20.09558366256193,55.279503228324415,60.48669706055346,51.28425576685943,76.49030981898616
Kakamega,Lugari,2025-04-01 23:20:11.517159,58.80986696352329,82.49767402328487,58.07233016793328,43.42260961423676,80.9257029177062
Kakamega,Lugari,2025-05-01 23:20:11.517159,38.46099388781079,41.64210609075325,34.44441547323944,43.62539182809366,80.76080113402242
Kakamega,Lugari,2025-06-01 23:20:11.517159,59.546475322406415,87.85355899761518,28.47967198125711,53.43805886990117,75.47539862484017
Kakamega,Lugari,2025-07-01 23:20:11.517159,26.625147396631263,35.983569014978585,82.16312622721873,73.02812628691481,47.59394772457864
Kakamega,Lugari,2025-08-01 23:20:11.517159,49.33376254096864,79.13592279793517,64.13811516972396,55.217628548423505,38.452928014632185
Kakamega,Lugari,2025-09-01 23:20:11.517159,63.27110852657342,81.07043883690356,54.59148949142475,75.04715344326667,84.4857051805804
Kakamega,Lugari,2025-10-01 23:20:11.517159,51.64626941578814,56.80043086507579,63.76233817767492,76.75853764000999,53.551558873538745
Kakamega,Lugari,2025-11-01 23:20:11.517159,33.045203386180205,30.981363172250397,30.13513736744795,62.29504768113142,56.26751840116191
Kakamega,Lugari,2025-12-01 23:20:11.517159,57.45674828325779,53.888225015209215,56.899655374410756,74.60711372449694,52.87901336527422
Kakamega,Lugari,2026-01-01 23:20:11.517159,21.653407128743744,71.39859759310278,40.83814254829801,69.64199312381047,59.12620569573097
Kakamega,Lugari,2026-02-01 23:20:11.517159,22.01158461624183,70.6973265290791,38.505159679384384,56.54821816014748,64.25831454224713
Kakamega,Likuyani,2025-03-01 23:20:11.517159,59.91465947139005,48.207281359053475,48.16676945090468,92.34213710426516,39.007845338151235
Kakamega,Likuyani,2025-04-01 23:20:11.517159,52.08666884092135,56.18700965354172,73.54668285037229,47.08546202844971,82.68972172142347
Kakamega,Likuyani,2025-05-01 23:20:11.517159,23.10537430468075,68.18941029590385,63.08493721224133,45.97525084627728,81.21005183712856
Kakamega,Likuyani,2025-06-01 23:20:11.517159,27.662808893019907,51.41077001430362,62.10479418408722,48.12261351586525,57.36738965456672
Kakamega,Likuyani,2025-07-01 23:20:11.517159,38.65380525585404,85.06912780036177,47.0557567505476,60.370795524166866,41.142355571207766
Kakamega,Likuyani,2025-08-01 23:20:11.517159,53.24936911040056,65.45016437767896,30.537751004588394,94.36805798810876,87.80674120671657
Kakamega,Likuyani,2025-09-01 23:20:11.517159,67.05577878500324,32.3812160467588,52.57797428556183,83.78925950457774,50.34945024632079
Kakamega,Likuyani,2025-10-01 23:20:11.517159,45.4419890265125,65.5767225531491,57.68272957254397,40.85188828673658,42.2879386689967
Kakamega,Likuyani,2025-11-01 23:20:11.517159,63.54761689376157,75.24936153249116,55.688312122773546,61.70866449520036,63.16414031788686
Kakamega,Likuyani,2025-12-01 23:20:11.517159,34.45047974891297,67.33941336225666,62.08410311048682,44.009249872308565,61.12763997268452
Kakamega,Likuyani,2026-01-01 23:20:11.517159,62.04201642332316,74.04155507734416,43.059357385950506,41.93443689538074,89.46256458910602
Kakamega,Likuyani,2026-02-01 23:20:11.517159,22.326955535615603,86.15588050494141,29.789339123555717,94.49183711971949,62.394722303626565
Malindi,Malindi,2025-03-01 23:20:11.517159,41.47545406536432,83.00125085230043,45.684626640556374,51.83102632501121,45.56012628992538
Malindi,Malindi,2025-04-01 23:20:11.517159,21.853750572437956,58.75141940618784,50.54074587942934,79.72921370218052,65.67844663731647
Malindi,Malindi,2025-05-01 23:20:11.517159,34.80397171956929,70.1642945580125,37.52349538322407,70.53139331195067,69.02386766460705
Malindi,Malindi,2025-06-01 23:20:11.517159,20.498649058752683,83.35652748480209,56.30426517134197,61.03461908017908,59.200273054392845
Malindi,Malindi,2025-07-01 23:20:11.517159,61.720957509184466,74.13127258873672,30.920584357102435,47.02648146494917,71.02981213045908
Malindi,Malindi,2025-08-01 23:20:11.517159,29.375783942130617,76.44285050337453,68.12776931467198,85.51455973114747,52.20664562481081
Malindi,Malindi,2025-09-01 23:20:11.517159,41.59652113757369,58.81746090267261,29.74061632681139,71.11212029236653,83.50896377388943
Malindi,Malindi,2025-10-01 23:20:11.517159,33.37316650143453,39.529278415855394,47.5673535515501,66.13331342823692,80.71467822764461
Malindi,Malindi,2025-11-01 23:20:11.517159,42.25996645107915,46.79384011142056,56.61510044848515,88.39136689726936,38.51774662086463
Malindi,Malindi,2025-12-01 23:20:11.517159,56.681115502827325,70.67232756301408,66.5272469218489,41.032823395154615,42.631219827625515
Malindi,Malindi,2026-01-01 23:20:11.517159,58.37641560533329,47.13387252638737,71.77365327907437,93.1723087348107,43.00104247794256
Malindi,Malindi,2026-02-01 23:20:11.517159,61.19817584202329,48.217107593448546,57.23145846887899,45.520200585891104,61.60120457455706
Malindi,Magarini,2025-03-01 23:20:11.517159,61.44569724859423,54.71631914006615,69.27706768431486,59.114871315807015,44.88893194531786
Malindi,Magarini,2025-04-01 23:20:11.517159,50.38366501597891,65.38958614304661,28.43732893448034,70.92447196397556,89.22614965000326
Malindi,Magarini,2025-05-01 23:20:11.517159,35.549987228806415,72.45504790688015,81.73444470059272,58.981673247019074,45.540005473761276
Malindi,Magarini,2025-06-01 23:20:11.517159,26.243216093435212,51.457428610874906,73.58979195838165,56.451714348765066,84.18551220896077
Malindi,Magarini,2025-07-01 23:20:11.517159,63.30132313121192,89.30177271316796,71.34043205853656,58.360213004115764,47.194540424847744
Malindi,Magarini,2025-08-01 23:20:11.517159,45.866585145634325,81.05592429854453,34.673312969427606,54.85583679469544,40.265768717708156
Malindi,Magarini,2025-09-01 23:20:11.517159,28.73622883373913,49.61785000875423,26.450698640194716,56.35229258888056,45.569676541985814
Malindi,Magarini,2025-10-01 23:20:11.517159,29.080355633817927,75.28404284247782,28.137529844429764,46.71851866809686,79.71424672382695
Malindi,Magarini,2025-11-01 23:20:11.517159,33.77222374462446,88.51234014452248,71.23321053789797,66.22251255974685,71.511055865197
Malindi,Magarini,2025-12-01 23:20:11.517159,53.434414250144656,39.29627131665203,74.97384837547035,94.0537774766882,61.50624338403598
Malindi,Magarini,2026-01-01 23:20:11.517159,68.17813232139511,73.95608778208195,25.023507903960354,94.15295067868644,83.61919413068628
Malindi,Magarini,2026-02-01 23:20:11.517159,68.81145930196422,76.15562860431734,77.99426116219826,72.71186700369829,67.44706447191045
Malindi,Ganze,2025-03-01 23:20:11.517159,58.54773730712917,46.72224370967754,61.49491985336444,69.46588969521602,88.32859227490208
Malindi,Ganze,2025-04-01 23:20:11.517159,53.22487835583854,84.95614118707098,82.76477278476278,78.10678335853999,52.71488306767501
Malindi,Ganze,2025-05-01 23:20:11.517159,60.80791019489124,86.45309883031231,68.05961909233025,50.96805186427219,48.34188157709906
Malindi,Ganze,2025-06-01 23:20:11.517159,32.39824351182278,65.4830389663585,54.08323125757745,43.30030619764897,42.77843590584252
Malindi,Ganze,2025-07-01 23:20:11.517159,32.215256349595265,44.15786805304399,43.319515278924186,69.53955077951034,70.54155211943461
Malindi,Ganze,2025-08-01 23:20:11.517159,62.454454033406904,47.88847213419116,45.414108667951176,90.07266138217261,60.863934304908426
Malindi,Ganze,2025-09-01 23:20:11.517159,28.14562823679406,75.75040247080274,44.588840783443416,49.86467683653875,59.106200018517875
Malindi,Ganze,2025-10-01 23:20:11.517159,64.44474643623249,67.60091751694986,46.623895853280416,44.54288014001437,54.20333021299366
Malindi,Ganze,2025-11-01 23:20:11.517159,55.70133358802069,70.1966317976819,39.03183747748558,55.117872177168145,61.23324041622596
Malindi,Ganze,2025-12-01 23:20:11.517159,42.27948187632712,74.74332482062421,84.79145932485444,52.34207942314337,73.32282852223679
Malindi,Ganze,2026-01-01 23:20:11.517159,48.39741779260146,82.73162418104275,68.37577717539742,42.99151847227771,79.85575304089963
Malindi,Ganze,2026-02-01 23:20:11.517159,41.32547467896426,74.06642295264365,82.1646997323868,70.58611084077594,35.92466076013073
Malindi,Kalifi,2025-03-01 23:20:11.517159,44.35274082199917,39.502883339698,51.39572167057892,52.301796121427,67.92264537009112
Malindi,Kalifi,2025-04-01 23:20:11.517159,69.16735159627967,31.766350756742835,35.89619114087991,53.50571601039847,40.66855673554814
Malindi,Kalifi,2025-05-01 23:20:11.517159,51.18216321713966,64.58130781744295,50.076039839322746,62.28384669883738,73.79190249729604
Malindi,Kalifi,2025-06-01 23:20:11.517159,56.95908777660223,54.71541050994104,27.794366524738127,57.09036705010557,36.71765798222535
Malindi,Kalifi,2025-07-01 23:20:11.517159,54.94213592897829,76.22776257640362,35.48226506632095,83.44817415548735,73.79002311169566
Malindi,Kalifi,2025-08-01 23:20:11.517159,48.0122800857078,81.67575567863753,41.90690786095814,54.586793600746255,39.7511711700547
Malindi,Kalifi,2025-09-01 23:20:11.517159,65.69166228192509,46.48777308427921,56.23328049911616,86.30000533993436,38.63393096387495
Malindi,Kalifi,2025-10-01 23:20:11.517159,66.67055308083042,48.69477642900334,36.71568849044888,66.15726087313402,76.47197919739239
Malindi,Kalifi,2025-11-01 23:20:11.517159,41.34563793607594,40.10193729620808,34.26574481472067,86.95145512736426,78.17615596284273
Malindi,Kalifi,2025-12-01 23:20:11.517159,39.49390584624001,55.69184877230198,75.53609131320901,87.13706438270337,67.09986537662681
Malindi,Kalifi,2026-01-01 23:20:11.517159,61.688978898507635,68.04827817047217,79.78920819287376,44.025714856584834,54.13992754254142
Malindi,Kalifi,2026-02-01 23:20:11.517159,38.220071553633545,89.0622778108837,66.2021970561236,93.49068995522559,58.19709413014445
Malindi,Rabai,2025-03-01 23:20:11.517159,50.32829573115854,64.62120764645937,73.87267114907107,62.0357925164763,79.76113359249193
Malindi,Rabai,2025-04-01 23:20:11.517159,21.273988517412615,40.16510290562893,54.774391444811855,46.7220739630774,56.136036439617754
Malindi,Rabai,2025-05-01 23:20:11.517159,22.717712098677303,81.28095538342812,47.353150063666234,90.93937296333745,55.84851939704158
Malindi,Rabai,2025-06-01 23:20:11.517159,45.920995183514805,40.96392753242225,44.1546316663102,94.79366377994306,64.8291489534337
Malindi,Rabai,2025-07-01 23:20:11.517159,37.664510220904305,67.67520257630083,71.90845776302646,42.93525870515415,64.46085534839447
Malindi,Rabai,2025-08-01 23:20:11.517159,37.943319284779776,36.21098071178505,77.20176893133561,90.2368018131231,78.75650371708365
Malindi,Rabai,2025-09-01 23:20:11.517159,36.62094398095881,45.71610964569061,83.80673177407387,53.468253686916796,67.7996864030335
Malindi,Rabai,2025-10-01 23:20:11.517159,62.36033506455675,62.28868566970906,79.58420823507099,63.99695954090614,53.07629431138594
Malindi,Rabai,2025-11-01 23:20:11.517159,30.392028181727895,59.84879519547175,74.65845539181105,91.33347024838696,70.93692318447987
Malindi,Rabai,2025-12-01 23:20:11.517159,68.21768868111744,76.37910378827792,56.15988966017896,48.3716853654673,72.27800340506582
Malindi,Rabai,2026-01-01 23:20:11.517159,23.7354425027101,70.15877396262846,76.64895959869482,68.59845442657578,82.80577856254317
Malindi,Rabai,2026-02-01 23:20:11.517159,52.12858551062246,68.19141534221093,53.03103122213313,57.27666776840729,47.647072089495836
