county,sub_county,date,acute_malnutrition_cases,severe_acute_malnutrition_cases,moderate_acute_malnutrition_cases,admission_rate,cure_rate,death_rate,default_rate,non_cured_rate,coverage_rate
Nairobi,Westlands,2025-03-01 23:22:43.086192,370,89,281,3.7840462219081092,87.96870900849927,2.6055734176694454,3.9880374411988244,1.4243384882564376,68.93636261741169
Nairobi,Westlands,2025-04-01 23:22:43.086192,410,59,351,3.2464947307745287,87.68175606386605,1.4788646435411614,8.577744674241332,2.26388384240801,55.946983711367665
Nairobi,Westlands,2025-05-01 23:22:43.086192,375,46,329,4.278368494191199,71.48869138788218,1.7594491496138556,5.038291866815743,7.110559723888056,84.02064610803262
Nairobi,Westlands,2025-06-01 23:22:43.086192,284,52,232,0.7974035884152013,93.4406340991219,2.5683663060303514,5.022313892692266,3.8264866717752852,55.11025618836096
Nairobi,Westlands,2025-07-01 23:22:43.086192,217,41,175,3.7918536670772687,87.38041547753419,1.8413621007064243,6.387848356692342,6.702242165870832,80.7295222782001
Nairobi,Westlands,2025-08-01 23:22:43.086192,187,33,153,1.46195292940308,74.80591411485277,3.7705536629994487,3.929605325887228,6.18013365605059,62.53118890302174
Nairobi,Westlands,2025-09-01 23:22:43.086192,210,29,181,1.4205614088147716,93.42995031313801,2.021155384520975,6.267098183826878,6.865822765437214,58.31566786361266
Nairobi,Westlands,2025-10-01 23:22:43.086192,210,25,184,4.284245115760294,77.59878505912955,4.6889905283524875,4.979784632483647,2.5364416907452076,52.54104520763005
Nairobi,Westlands,2025-11-01 23:22:43.086192,235,40,195,4.926423337202431,78.26003994676702,1.07190064710524,5.426322403465194,6.442051218426231,50.94434915947405
Nairobi,Westlands,2025-12-01 23:22:43.086192,271,44,227,1.42591886285692,71.16109797813286,1.131899415396762,8.553196978678791,2.502466110793584,43.61479040904986
Nairobi,Westlands,2026-01-01 23:22:43.086192,345,54,290,2.096671448324476,76.85577423811169,3.4759670574718284,4.531133369494536,7.860081028146951,41.029980136670915
Nairobi,Westlands,2026-02-01 23:22:43.086192,374,81,292,3.7552213454788763,77.42560778182556,1.7051213991407477,4.406678321357594,1.9213383280960004,45.75221870244587
Nairobi,Dagoretti,2025-03-01 23:22:43.086192,411,88,322,2.48004070263384,70.91364769592813,2.32385057797117,9.936056187410221,2.19961537571911,74.8973127581092
Nairobi,Dagoretti,2025-04-01 23:22:43.086192,293,52,241,2.0765203166509374,84.75959289421056,4.578412679239605,2.6509020561505174,7.352110284302684,68.43065627708404
Nairobi,Dagoretti,2025-05-01 23:22:43.086192,261,38,222,1.8672645872227265,80.92904014683377,1.1294343643729121,6.402056800734474,2.440793067287814,53.11827737774413
Nairobi,Dagoretti,2025-06-01 23:22:43.086192,249,30,219,4.5686836788562175,82.15870494876691,2.9905732914620713,2.0719519743444517,1.6250146466694093,43.201325558417665
Nairobi,Dagoretti,2025-07-01 23:22:43.086192,211,24,187,4.729078289919662,80.1242902040311,3.773745193902354,6.2121705304547605,5.075631845439393,53.690624877117905
Nairobi,Dagoretti,2025-08-01 23:22:43.086192,190,23,167,2.422797136921973,81.34707069088557,4.443840069655934,4.438844275984605,2.0910326410087188,45.025688516689925
Nairobi,Dagoretti,2025-09-01 23:22:43.086192,184,24,159,1.6411892050940111,81.19164213355961,2.226360758603748,4.442521874098745,7.31693162042038,45.070087519150675
Nairobi,Dagoretti,2025-10-01 23:22:43.086192,185,44,141,1.2865566720409982,88.20019013177578,4.29413898318903,3.9341394698632897,7.278448961440968,42.80901196187754
Nairobi,Dagoretti,2025-11-01 23:22:43.086192,232,24,207,1.191976892302161,94.84407371042394,1.6820339861085256,7.97786363045239,6.852736309307333,79.23974183880887
Nairobi,Dagoretti,2025-12-01 23:22:43.086192,268,45,223,2.6934269174774514,89.30534393115512,1.0746126473634479,3.410422178559293,7.866371740592699,66.16531442119698
Nairobi,Dagoretti,2026-01-01 23:22:43.086192,355,41,314,4.352966334874824,76.94191667607231,4.447099523217767,5.061321339912631,1.5536938573479264,81.75795246824677
Nairobi,Dagoretti,2026-02-01 23:22:43.086192,276,67,208,4.775166058509682,75.67160200797875,3.3231970523366092,6.262864380700626,7.562078778682602,70.82437645084862
Nairobi,Kamukunji,2025-03-01 23:22:43.086192,312,33,279,3.1264240994355306,83.12285437927197,1.0891245910394347,8.760348899440695,3.0033699889223486,68.62595842613707
Nairobi,Kamukunji,2025-04-01 23:22:43.086192,276,68,207,2.625443817758671,86.89808824661374,3.321239292327154,3.0933806528842736,5.243928945703685,70.59341616840949
Nairobi,Kamukunji,2025-05-01 23:22:43.086192,270,53,217,2.837834908714001,87.5205647065017,3.0973462557217055,8.231149216993956,3.4846100093747214,67.32150307629203
Nairobi,Kamukunji,2025-06-01 23:22:43.086192,215,41,174,2.9274308788621135,84.1050799809442,3.031605681309214,6.831497609038132,4.2237405862215365,60.301763200365755
Nairobi,Kamukunji,2025-07-01 23:22:43.086192,186,25,161,2.705448779639148,84.24693475692187,1.863736727823523,4.9993431659515215,7.044645725359082,66.0910405160333
Nairobi,Kamukunji,2025-08-01 23:22:43.086192,154,15,138,1.6297219728401746,78.46097267322287,3.8662692687245968,5.014581811627906,5.808230966517836,70.49660201970758
Nairobi,Kamukunji,2025-09-01 23:22:43.086192,159,38,120,3.680631019649706,84.0653570365305,3.04799044017332,5.615543627367734,2.5939963263596573,68.11014673500594
Nairobi,Kamukunji,2025-10-01 23:22:43.086192,184,23,160,1.7937568649026183,79.69869977556398,1.9021822820211942,6.206042012770521,6.8269079985656935,83.09786064918157
Nairobi,Kamukunji,2025-11-01 23:22:43.086192,262,50,211,4.363021299085713,78.32683457096662,4.622185216096443,9.256055676247575,6.174147024841061,61.78253117451156
Nairobi,Kamukunji,2025-12-01 23:22:43.086192,228,57,171,3.8342119142966067,76.54410363181971,2.2930492831219422,2.8512314543521775,6.204710549338917,49.18079728666015
Nairobi,Kamukunji,2026-01-01 23:22:43.086192,273,65,208,1.5944287904273784,78.73559396434761,3.4906667537288905,3.787495674425779,6.764409270178149,73.158773388215
Nairobi,Kamukunji,2026-02-01 23:22:43.086192,296,62,233,0.6170627417583319,79.8219021990175,4.12323048736174,5.5831219238923655,7.276702088381326,73.96819400644765
Nairobi,Embakasi,2025-03-01 23:22:43.086192,246,40,205,1.1985942999031707,76.71791524757712,1.517173316331741,5.974126206173343,1.6947223077623568,70.79028296746222
Nairobi,Embakasi,2025-04-01 23:22:43.086192,223,31,192,1.7937927444720099,86.20037789710624,4.1759547237201495,4.553547679515331,4.388172696196225,64.62791284963987
Nairobi,Embakasi,2025-05-01 23:22:43.086192,200,45,154,2.10482170893757,73.03194655040718,2.618626443118695,9.632278634443917,7.728979332676422,61.80315161069505
Nairobi,Embakasi,2025-06-01 23:22:43.086192,176,23,153,1.080291057690963,71.25276980877422,2.520329029718383,9.672209554922352,3.464630402146298,56.551820874080974
Nairobi,Embakasi,2025-07-01 23:22:43.086192,141,34,106,0.6391417458748849,77.04465473528198,2.197367617289596,7.082353916649443,5.914932134395029,82.25177985871683
Nairobi,Embakasi,2025-08-01 23:22:43.086192,118,24,93,3.890884234859199,91.25062759255994,4.971921814042274,8.82798024380601,6.310093503076776,57.254421436285185
Nairobi,Embakasi,2025-09-01 23:22:43.086192,115,23,92,0.7900638205413226,70.41644591271431,2.7016370343218163,4.875438295925702,7.423329901472989,66.91276226570173
Nairobi,Embakasi,2025-10-01 23:22:43.086192,96,9,86,2.0285972177623983,88.02987676307808,4.709123057522945,2.986475878708939,7.434345240879365,42.6210036822508
Nairobi,Embakasi,2025-11-01 23:22:43.086192,125,19,106,3.1850212431283413,93.23526224154705,4.669356908803444,7.7122064266709,7.724272703741966,53.70263251798466
Nairobi,Embakasi,2025-12-01 23:22:43.086192,178,33,145,4.9298450311674635,89.08494366863324,2.246733791273675,5.4030877326881255,6.538302331148066,71.62749990627842
Nairobi,Embakasi,2026-01-01 23:22:43.086192,219,30,189,3.8877646710561486,73.49390674018292,2.288237811400251,2.27371603068607,5.067846339085646,77.10960057767355
Nairobi,Embakasi,2026-02-01 23:22:43.086192,199,33,166,2.529098523758295,91.84228531193276,3.9521955182086823,4.308775248349272,5.037970374049978,65.75589634068704
Nairobi,Kibra,2025-03-01 23:22:43.086192,309,46,262,4.510976759793245,91.81340603597906,3.987164817509677,4.418425533691023,7.27442878507789,61.38292924241899
Nairobi,Kibra,2025-04-01 23:22:43.086192,355,75,279,3.5984916618191707,74.31337719799495,1.1471356049219708,8.190660557611618,3.5943651218871624,48.1224391954114
Nairobi,Kibra,2025-05-01 23:22:43.086192,285,42,243,0.9428259814942752,89.81065543703819,4.37350792579453,3.178853731159837,4.584463261648677,73.00753149555223
Nairobi,Kibra,2025-06-01 23:22:43.086192,267,66,201,2.247419427635144,78.35572330117304,2.836183903355599,3.3909056432129923,2.7972760689504237,83.94176226942442
Nairobi,Kibra,2025-07-01 23:22:43.086192,215,36,178,2.6293879575894925,75.73614338863267,1.3243908088815148,8.811245592966483,5.294895980846412,67.04198948025626
Nairobi,Kibra,2025-08-01 23:22:43.086192,215,23,191,4.882051036522559,76.41968713635434,2.8690366977019095,9.95228523582101,7.512140099758531,48.65865471241635
Nairobi,Kibra,2025-09-01 23:22:43.086192,189,45,144,3.1696987786353397,80.83738460578375,3.0304478882233483,4.7238010758902425,1.6345484868950964,58.86216814277433
Nairobi,Kibra,2025-10-01 23:22:43.086192,209,44,164,1.7201253699434225,93.0628808895383,1.206543271264227,5.816632506405075,4.97721421037604,53.90802872009359
Nairobi,Kibra,2025-11-01 23:22:43.086192,250,60,189,3.563097997760288,70.84970001523797,4.254829326516253,8.229248564870625,6.917388946231691,51.567377372939234
Nairobi,Kibra,2025-12-01 23:22:43.086192,281,32,248,1.8048881927735005,76.86060272231987,4.212301710120654,4.418688825759488,2.2089381304581313,60.65412932859265
Nairobi,Kibra,2026-01-01 23:22:43.086192,275,39,236,1.072773514556613,79.71977591985231,2.373174170283315,6.640056546735147,7.610706470829868,53.616487753318594
Nairobi,Kibra,2026-02-01 23:22:43.086192,343,83,260,2.4058883694461675,81.42300169468024,3.0917678862263793,5.340852930644535,1.471725622601085,65.54569791157716
Mombasa,Changamwe,2025-03-01 23:22:43.086192,168,22,146,1.1748730007109334,75.62650987882493,1.807457225533342,6.446931717620651,4.492542198956701,69.57687367114352
Mombasa,Changamwe,2025-04-01 23:22:43.086192,232,41,191,0.7742275867411617,77.17080040709048,3.6043206534990575,2.5913671403465868,2.317511923866842,75.74692466403067
Mombasa,Changamwe,2025-05-01 23:22:43.086192,187,41,145,2.469172678942189,78.68845245966168,1.7395543426085118,7.915308771374301,2.3331810891638467,64.14438206742814
Mombasa,Changamwe,2025-06-01 23:22:43.086192,176,23,152,0.9431010042252631,92.82821574888153,4.989529467810193,5.423078447575471,6.0718784846102025,53.07618554017212
Mombasa,Changamwe,2025-07-01 23:22:43.086192,160,37,122,2.4151014684741736,89.54869291235538,4.171902985501681,3.502648741875909,2.4410763818992463,46.89126965301073
Mombasa,Changamwe,2025-08-01 23:22:43.086192,135,26,109,4.687973245075434,72.91283066658366,3.7898800569267066,8.494878445577893,7.525001859608822,44.11647700848255
Mombasa,Changamwe,2025-09-01 23:22:43.086192,126,20,105,2.548714171122683,70.14380857689044,4.173333051699597,9.974957389078318,6.923431938347727,55.33933175576088
Mombasa,Changamwe,2025-10-01 23:22:43.086192,165,26,139,4.887252176312287,81.13069379195366,2.7341303952736373,3.835438019967003,2.343093712230065,68.29205768680598
Mombasa,Changamwe,2025-11-01 23:22:43.086192,167,41,126,3.9932236409996724,83.00021764704778,4.6354988801797,6.199416215763286,1.9764430072586399,83.30092279473084
Mombasa,Changamwe,2025-12-01 23:22:43.086192,183,43,140,1.9625095649959117,84.4864488208215,2.1420260199465537,4.247910607929584,4.282584840547367,52.192910246250136
Mombasa,Changamwe,2026-01-01 23:22:43.086192,257,57,199,1.1005365330561219,77.56935820631405,3.451986531863959,7.355941054890332,6.011553435683156,57.83904416241188
Mombasa,Changamwe,2026-02-01 23:22:43.086192,185,22,163,2.8503471037521333,80.36549321796554,4.9094145728287515,5.516125799813758,7.903606865569978,83.19606150108991
Mombasa,Jomvu,2025-03-01 23:22:43.086192,146,18,127,0.7810470012077697,86.33237075493567,4.025068315978411,3.3319132123341424,1.1575965582356071,62.55745716597504
Mombasa,Jomvu,2025-04-01 23:22:43.086192,140,26,114,2.9055436254136264,84.42408284291074,3.660880963319459,9.724098117353954,7.426249216737419,75.25396163505148
Mombasa,Jomvu,2025-05-01 23:22:43.086192,173,40,133,1.1196772821731773,78.25615500679207,4.091508964738429,8.440699572671786,3.3307349603489214,77.37448099761775
Mombasa,Jomvu,2025-06-01 23:22:43.086192,118,13,105,1.8043918837181532,80.08913906272457,2.0052755629429546,4.820928122118979,6.804894167846078,51.374676722209955
Mombasa,Jomvu,2025-07-01 23:22:43.086192,109,25,84,4.196934510148285,72.65386225988274,2.727944257001596,8.488105257909204,7.4132072210094675,61.24751447260673
Mombasa,Jomvu,2025-08-01 23:22:43.086192,87,16,71,1.5573761390357008,87.9755956387121,2.667391097916658,6.854671278615389,3.588519992550928,82.45890899331961
Mombasa,Jomvu,2025-09-01 23:22:43.086192,81,10,71,1.4401677238098878,70.05595402102057,4.80733065731531,3.399180055538854,4.384464072369646,70.24337370077181
Mombasa,Jomvu,2025-10-01 23:22:43.086192,99,11,87,4.481876725433296,91.9973672108435,3.3701684570614288,3.3258371872080685,1.7583773155300488,69.15303544828619
Mombasa,Jomvu,2025-11-01 23:22:43.086192,105,24,81,2.624270329509213,72.62865040380814,2.7048371787528676,8.426195988283427,2.492805893169105,43.05325546656639
Mombasa,Jomvu,2025-12-01 23:22:43.086192,134,14,120,0.5087587980323995,70.85281595252616,3.4176617143851646,9.329977970727526,6.3711801375327966,81.80680158189759
Mombasa,Jomvu,2026-01-01 23:22:43.086192,162,28,134,0.9976346602745665,73.86669622970777,4.7777587227114395,2.786023237075664,3.1018523904865387,53.50015437702263
Mombasa,Jomvu,2026-02-01 23:22:43.086192,177,42,135,1.0958610974961842,93.34431372370962,3.317084744886216,2.698857066253008,3.175782770221381,76.84679849781165
Mombasa,Kisauni,2025-03-01 23:22:43.086192,323,65,258,2.110647153184965,72.42746425978872,2.8042013117704547,6.535158456476117,6.49419809054287,66.77192458461079
Mombasa,Kisauni,2025-04-01 23:22:43.086192,275,67,207,3.00997001080098,74.61366767460453,3.598552508220084,5.888928028578601,6.782106484433838,62.163391949586554
Mombasa,Kisauni,2025-05-01 23:22:43.086192,296,50,245,2.0777157174431222,78.39238571466483,1.2767780754673526,5.280853263243746,6.722355625385151,81.80619424005263
Mombasa,Kisauni,2025-06-01 23:22:43.086192,251,41,210,4.837918491902566,71.88015446612778,4.987524137835848,5.999128887951397,5.302422663457382,53.35891801761586
Mombasa,Kisauni,2025-07-01 23:22:43.086192,197,47,149,1.951793022823534,70.39395404763485,1.9380423703504261,6.880092061863567,6.598182542851476,75.40279128556074
Mombasa,Kisauni,2025-08-01 23:22:43.086192,148,20,127,1.7562190505855133,72.70508916844118,4.81257158457493,3.598025776045416,7.205129420858282,75.40348589733372
Mombasa,Kisauni,2025-09-01 23:22:43.086192,169,21,147,3.919786139433376,93.69533245465911,2.7371437315845557,2.932039713471096,6.492505932815062,75.84529843721657
Mombasa,Kisauni,2025-10-01 23:22:43.086192,168,39,129,1.1652908871794039,92.89458089037123,4.734076819672207,9.6506201054878,2.424554779964188,70.82635764211646
Mombasa,Kisauni,2025-11-01 23:22:43.086192,176,34,142,1.1962930840835062,90.90533058715565,4.71109348226781,3.2504636392173314,6.540368453722028,67.07636976989698
Mombasa,Kisauni,2025-12-01 23:22:43.086192,242,28,214,3.9460530406182217,76.04491822212113,4.673222397447434,9.425501899944962,2.718464103090324,80.72276726078496
Mombasa,Kisauni,2026-01-01 23:22:43.086192,283,58,224,1.0094665437209813,89.75085964151941,2.670055633036361,3.6532888114058837,1.3686491586575884,55.764565497489414
Mombasa,Kisauni,2026-02-01 23:22:43.086192,268,54,213,2.845074171057547,82.29879102455462,4.28128153732089,6.673389784277338,6.472962809751331,68.98934063165248
Mombasa,Nyali,2025-03-01 23:22:43.086192,308,35,273,0.9975277597017127,87.91005196187855,1.4894744272119413,3.559456263844077,7.106377838153003,46.10453640666848
Mombasa,Nyali,2025-04-01 23:22:43.086192,339,46,292,3.042939256758223,91.96497654539974,1.1811230271691198,7.3318951342784775,6.976855753513695,58.18562859353123
Mombasa,Nyali,2025-05-01 23:22:43.086192,333,46,287,1.94213635631692,78.1433198677056,1.691351957214477,9.334610107545156,4.99593926612679,71.72006262746115
Mombasa,Nyali,2025-06-01 23:22:43.086192,298,52,246,4.739677919946637,82.39359608525,3.6017329335656267,9.311309542413781,5.4592602665022145,66.02373426896153
Mombasa,Nyali,2025-07-01 23:22:43.086192,262,42,219,0.8006635277269338,82.39518329452994,3.257529481423934,3.3899484603980454,7.165996209903973,62.884112071732105
Mombasa,Nyali,2025-08-01 23:22:43.086192,202,36,165,3.146083992114592,86.99225391135074,1.1719172066510937,2.3051194587337376,4.734893776143857,60.77733463971663
Mombasa,Nyali,2025-09-01 23:22:43.086192,163,24,138,4.004722872793536,92.55430446975903,3.0664248153922276,6.953285032282344,7.8497752684435405,42.35664958100439
Mombasa,Nyali,2025-10-01 23:22:43.086192,245,60,185,0.5410568878592221,72.40774056789469,4.522438864253711,6.439320312607146,7.8999592396128016,77.42921966255462
Mombasa,Nyali,2025-11-01 23:22:43.086192,204,29,174,1.5978448118625548,87.92796078205295,2.5410193844174573,9.396093072088462,6.787029905362042,76.59407889205735
Mombasa,Nyali,2025-12-01 23:22:43.086192,214,32,181,4.472997097328673,78.97276203339099,3.1320965206142732,5.268029780725902,1.3330857681082322,70.98362756873493
Mombasa,Nyali,2026-01-01 23:22:43.086192,339,39,300,4.244031448673731,84.20273699628628,4.38988316806242,5.69194498211565,4.139779540612541,80.94909917939754
Mombasa,Nyali,2026-02-01 23:22:43.086192,353,70,283,4.569484124193737,71.83464651677049,4.7047289682013425,3.8634290339259074,7.829922979290249,81.30015440838139
Mombasa,Likoni,2025-03-01 23:22:43.086192,119,28,91,3.5537534642468938,80.41233157698223,2.748798671982269,6.4900254696159925,2.460202784743835,49.07461785232306
Mombasa,Likoni,2025-04-01 23:22:43.086192,125,31,94,1.4412781699806114,85.05762395026926,3.547710669151164,8.905812261956662,4.695142599015622,75.92978859543194
Mombasa,Likoni,2025-05-01 23:22:43.086192,117,13,103,1.018541798265943,86.03303156745916,4.68150018932405,2.647216121071436,3.129746025803533,51.995465055246264
Mombasa,Likoni,2025-06-01 23:22:43.086192,99,10,89,1.978184071092281,92.58741281727228,1.265246967782912,5.460237731350949,4.348957526847917,48.81192024149851
Mombasa,Likoni,2025-07-01 23:22:43.086192,84,9,74,3.81594689043727,89.30514572450276,1.60951959806563,3.5988996845909487,6.113623028034939,41.63333938101037
Mombasa,Likoni,2025-08-01 23:22:43.086192,66,13,53,4.849858733291825,75.8831024143112,4.9895470424902175,5.823167566265907,7.281678602576687,84.43169467212559
Mombasa,Likoni,2025-09-01 23:22:43.086192,58,9,48,1.5865946187446114,77.50538031859922,4.112403525112193,2.141520738658068,4.238198182665425,75.6314507109482
Mombasa,Likoni,2025-10-01 23:22:43.086192,75,10,65,1.5428110457194086,92.59401263282285,3.6764481513806255,6.634710011053456,2.6113608339107457,83.36398881227343
Mombasa,Likoni,2025-11-01 23:22:43.086192,71,11,59,0.6343551106033054,81.98862959569266,1.004099461867082,2.630034234497587,3.7975387304972124,58.806877946990774
Mombasa,Likoni,2025-12-01 23:22:43.086192,98,22,76,4.105790980259593,77.59679956070521,4.431869338463014,5.100316508337897,5.200279712299555,52.07717754131154
Mombasa,Likoni,2026-01-01 23:22:43.086192,106,19,86,0.5236118213226345,80.63982162173204,2.3699054941549442,2.5774997691182655,7.679226276425284,73.30451837032233
Mombasa,Likoni,2026-02-01 23:22:43.086192,137,16,120,0.5321048866132495,89.79406175334319,1.443774806052824,9.847327394293533,7.300465125699529,54.54374042253442
Kisumu,Kisumu East,2025-03-01 23:22:43.086192,263,51,212,4.5539047388717515,85.98326155453064,4.488382381721866,3.5573362868764695,3.762701782480206,72.62603248777143
Kisumu,Kisumu East,2025-04-01 23:22:43.086192,308,42,266,3.3076060286854982,71.00976597597074,2.1794361184378666,7.522291158358344,6.753349642704732,55.57726348444709
Kisumu,Kisumu East,2025-05-01 23:22:43.086192,302,60,241,1.005975007278852,78.4079419023065,3.577978352259209,8.56508834370485,1.773074704759187,78.43198637817426
Kisumu,Kisumu East,2025-06-01 23:22:43.086192,208,50,158,3.2333556380688653,90.40520900635809,1.3735056802191163,9.298226652659785,4.119126038010795,76.47871406445228
Kisumu,Kisumu East,2025-07-01 23:22:43.086192,213,33,180,1.4292723128557387,84.9487815392661,2.651174217902073,8.566671500253193,6.374463240076793,48.54216835332502
Kisumu,Kisumu East,2025-08-01 23:22:43.086192,215,30,184,3.5704733723516853,71.32648493375001,1.5422005564886416,4.839501207943732,5.622472120352718,65.62239109171361
Kisumu,Kisumu East,2025-09-01 23:22:43.086192,207,36,171,3.12879935686726,83.42341807767916,3.742705376090872,4.8083701788712085,7.583795755969284,56.66011512857057
Kisumu,Kisumu East,2025-10-01 23:22:43.086192,199,48,150,4.7306623922094815,88.0436602368692,1.2503201080657056,7.16396248507807,6.855677037697812,53.03321323612279
Kisumu,Kisumu East,2025-11-01 23:22:43.086192,217,23,193,4.85098940637117,80.83217672710056,3.2050208136790808,2.0725736748271606,6.655981234549758,57.95481417677254
Kisumu,Kisumu East,2025-12-01 23:22:43.086192,211,27,183,4.417292815576068,90.17631868314558,4.095855319135541,7.1942220312449425,1.8629546008221918,45.808227626767696
Kisumu,Kisumu East,2026-01-01 23:22:43.086192,362,82,280,1.2901080959629914,82.94590947207887,3.464443462463374,5.377734869158888,3.091820133146056,78.27366710829165
Kisumu,Kisumu East,2026-02-01 23:22:43.086192,373,71,301,1.5473035199959637,88.45478651250728,2.8065282976875743,3.4886099164837274,7.731403872927092,77.75000419327392
Kisumu,Kisumu West,2025-03-01 23:22:43.086192,207,34,173,1.1591542139625062,78.43197271742416,4.930055098250271,9.702843335602854,7.520654659467134,68.74554932390835
Kisumu,Kisumu West,2025-04-01 23:22:43.086192,216,41,174,1.5126452161119477,82.25273903983789,3.1081519262034143,6.910577143935984,5.304297120603292,63.82895701708685
Kisumu,Kisumu West,2025-05-01 23:22:43.086192,210,37,172,1.3292552042246821,93.28936681577905,4.822167582673583,8.309841384343038,5.330475273404159,40.52370035304527
Kisumu,Kisumu West,2025-06-01 23:22:43.086192,177,24,152,4.072018376610244,84.30113852735961,3.2692187389808107,3.666453359406227,5.1778888128201155,44.600786546449136
Kisumu,Kisumu West,2025-07-01 23:22:43.086192,144,28,115,3.5394998235574002,80.64744367223534,1.9268776955050146,2.716226668145067,4.670485375595307,46.00183514639633
Kisumu,Kisumu West,2025-08-01 23:22:43.086192,119,21,98,2.3722749018478115,79.95817434202503,2.541518766263682,8.552592539535304,5.480110866738431,77.26126224803079
Kisumu,Kisumu West,2025-09-01 23:22:43.086192,138,34,104,1.9996647626886714,85.0858477662791,2.3613183737088392,7.988992884722012,4.26787401775539,55.18185036852631
Kisumu,Kisumu West,2025-10-01 23:22:43.086192,155,34,121,3.7673879646282877,94.46395907160708,1.6196790449804994,5.221131080576796,4.229297342634418,56.3174201965451
Kisumu,Kisumu West,2025-11-01 23:22:43.086192,156,19,137,4.913437408620864,71.73658646992104,3.8090506080952173,6.7748671988042934,7.097979579561618,66.2032321657961
Kisumu,Kisumu West,2025-12-01 23:22:43.086192,167,19,148,0.5086983878010902,91.32956677097991,1.7526887814230472,8.857327568019338,6.317942021698174,84.90989492960955
Kisumu,Kisumu West,2026-01-01 23:22:43.086192,254,42,211,2.1336034103438855,74.50866577863316,3.024553478437596,5.85749981179135,6.084400172565484,58.08357074761996
Kisumu,Kisumu West,2026-02-01 23:22:43.086192,172,28,143,2.8001381673257684,93.93049004741724,2.2931837651603333,6.851848724768721,5.1328093206777305,58.8847244307175
Kisumu,Kisumu Central,2025-03-01 23:22:43.086192,182,43,139,1.572174442857,85.00475215527486,2.924155408878136,8.876016714185226,6.863467698563217,58.32745201140934
Kisumu,Kisumu Central,2025-04-01 23:22:43.086192,169,28,141,3.7733082732564442,71.12109579588446,4.875328609166305,2.056858235655816,4.682372130965806,77.72268263708837
Kisumu,Kisumu Central,2025-05-01 23:22:43.086192,168,22,145,3.8449683342137124,84.71728167994075,3.2031608641786184,3.350723171972132,3.7080778240292673,75.18301957406726
Kisumu,Kisumu Central,2025-06-01 23:22:43.086192,142,33,108,2.8733287846466813,82.75712777861224,3.6754538340901624,4.198308510529851,2.423505506872076,61.06808642722363
Kisumu,Kisumu Central,2025-07-01 23:22:43.086192,127,19,108,3.671981098704185,89.11571341418669,4.35172840998182,2.556096096745991,4.44771147483144,65.5094056801232
Kisumu,Kisumu Central,2025-08-01 23:22:43.086192,110,14,96,4.305573624491611,92.6074250663736,4.680601490763397,3.7591633093250048,5.289163374387046,79.95943725110277
Kisumu,Kisumu Central,2025-09-01 23:22:43.086192,91,18,73,1.4578152271762828,80.29212608729587,4.574546207666563,8.110812431580133,7.164630840813746,69.48701748365892
Kisumu,Kisumu Central,2025-10-01 23:22:43.086192,91,16,75,3.7176067845889222,74.33378539352357,1.2315412089543627,6.374443386971401,1.4756383273332432,84.76667042652642
Kisumu,Kisumu Central,2025-11-01 23:22:43.086192,130,24,105,3.6609038162666336,78.03696473305038,3.947205415381767,9.054218643500638,4.179529895474895,42.947279011982445
Kisumu,Kisumu Central,2025-12-01 23:22:43.086192,158,26,132,2.850127153569485,71.88528440481458,3.868876754625453,9.266829816309103,1.7759878332850552,44.1257634869025
Kisumu,Kisumu Central,2026-01-01 23:22:43.086192,207,39,168,3.482624436383503,87.64760147455519,1.576525285386829,9.6617583705711,5.925955142775623,52.362451486241824
Kisumu,Kisumu Central,2026-02-01 23:22:43.086192,166,26,139,1.6348918678196782,71.87799799440751,4.206683442233625,7.4896310060997475,2.9616459417233107,69.76756952716691
Kisumu,Seme,2025-03-01 23:22:43.086192,226,56,170,1.4558476347079283,76.34155756547615,1.3117855147651971,4.822819827638422,2.1261053264959062,50.92565248186552
Kisumu,Seme,2025-04-01 23:22:43.086192,273,42,230,3.649262279419542,72.94248024887337,3.5618631333273796,6.439039825156147,7.63724788926732,71.07273838417059
Kisumu,Seme,2025-05-01 23:22:43.086192,244,35,209,3.984166470747399,77.1974423877173,2.048609206816052,5.247165435204808,3.8206222268663526,62.23538691738131
Kisumu,Seme,2025-06-01 23:22:43.086192,263,42,221,4.736623419259885,84.1245507565284,1.3382346651947592,8.054446976759138,5.494856622215089,80.9599250571473
Kisumu,Seme,2025-07-01 23:22:43.086192,176,27,149,4.094276890274227,84.61794671438291,3.311646453017667,2.2473187497815044,2.202232806396491,76.87739598653175
Kisumu,Seme,2025-08-01 23:22:43.086192,146,26,119,4.994311420785674,80.8829507381729,1.6548406681047898,7.533069478723322,2.9479119328550687,56.38772640758026
Kisumu,Seme,2025-09-01 23:22:43.086192,140,33,107,1.6652256602531788,85.8982248602465,2.2483183718592494,4.442583963934997,4.96378540064671,71.5852112123419
Kisumu,Seme,2025-10-01 23:22:43.086192,152,27,124,0.8901025442949984,93.81431118906004,1.6581799944452804,7.616121345395469,3.563825824477192,73.43508568261028
Kisumu,Seme,2025-11-01 23:22:43.086192,186,41,145,2.1252940384519965,88.7585494263288,4.703835510850225,2.993735365556476,2.8200827612260735,77.8287869872345
Kisumu,Seme,2025-12-01 23:22:43.086192,218,24,193,1.8127204150953937,89.4113677879446,2.1965067424246976,8.721606848770207,7.245278575382697,81.59329292592483
Kisumu,Seme,2026-01-01 23:22:43.086192,297,71,225,1.852771183081503,84.49346308546548,1.618801149646775,9.240556416830849,1.3525773101378071,70.67734717736553
Kisumu,Seme,2026-02-01 23:22:43.086192,308,39,268,4.107754074360451,81.03760303390517,2.811460136270471,9.957614888773229,1.1517731561012194,65.62229398825644
Kisumu,Nyando,2025-03-01 23:22:43.086192,146,28,118,4.830232026032807,84.10226747519586,2.667668149425809,2.5500859681411727,4.3800667959491415,44.4372274885486
Kisumu,Nyando,2025-04-01 23:22:43.086192,141,16,124,3.242938368499376,90.01469799629577,3.702191781924878,9.49655046830992,2.4675053495328383,46.560057532693655
Kisumu,Nyando,2025-05-01 23:22:43.086192,110,19,91,4.891290427439169,70.42051541956938,1.904442175178922,7.46532037353865,2.8248577618083726,75.32379991463273
Kisumu,Nyando,2025-06-01 23:22:43.086192,94,17,76,2.1459792000840583,73.3111427042747,1.528647629137776,5.037375666240613,7.510520973050872,45.472614039432266
Kisumu,Nyando,2025-07-01 23:22:43.086192,92,14,77,4.5720641670681825,92.9486262679401,3.857218612049399,6.065925995092343,3.43695480256107,57.69039452162751
Kisumu,Nyando,2025-08-01 23:22:43.086192,89,11,78,0.8680414573897084,84.3031244640324,3.349529861613972,4.998248138149944,6.294611110963853,51.67704742900865
Kisumu,Nyando,2025-09-01 23:22:43.086192,66,13,52,4.6555728419483104,86.56717961913407,4.132274183395518,8.738802004132317,3.8144243323083815,84.40190562671329
Kisumu,Nyando,2025-10-01 23:22:43.086192,68,9,58,3.666730821957788,91.2732960670959,1.001796992652337,8.970354243798353,2.8500764801916176,68.13146041490276
Kisumu,Nyando,2025-11-01 23:22:43.086192,90,20,69,2.7875531580908666,88.3527710268978,2.724565078732389,5.817385583801116,1.6149149204077595,64.75977630445043
Kisumu,Nyando,2025-12-01 23:22:43.086192,101,10,91,1.6696845700497285,75.23388622880915,3.7871341100313285,2.729562977027004,2.6137719035733538,40.289179441365334
Kisumu,Nyando,2026-01-01 23:22:43.086192,125,27,98,3.862840120682559,85.93413476712777,3.4517373675740766,6.682473192110366,1.2191088374523664,68.42192221349522
Kisumu,Nyando,2026-02-01 23:22:43.086192,123,16,106,0.5420278076688969,85.0893692633753,1.94206511274621,8.028800167304766,1.394617467936007,71.70296475887727
Nakuru,Nakuru Town West,2025-03-01 23:22:43.086192,279,36,242,4.883613666551956,85.7983325553688,2.5656673288928817,8.45694567130576,1.500362710438929,52.22074515881777
Nakuru,Nakuru Town West,2025-04-01 23:22:43.086192,305,51,254,4.412164582611402,76.43075532638585,3.0532232952212075,2.754996381798093,4.746042857424369,40.49740052691269
Nakuru,Nakuru Town West,2025-05-01 23:22:43.086192,262,30,232,2.252549313446957,88.09025458776844,2.358138404287989,9.491203097202842,3.9730202371812036,53.436193850112666
Nakuru,Nakuru Town West,2025-06-01 23:22:43.086192,292,52,240,2.503693093798546,79.49456111001398,3.213001019272741,9.762871784338827,1.1522186365515856,65.16626035262742
Nakuru,Nakuru Town West,2025-07-01 23:22:43.086192,235,50,185,4.1590082977140055,77.20421670961582,4.3695158942379475,4.979876696131067,1.8669480072011817,70.0392868817961
Nakuru,Nakuru Town West,2025-08-01 23:22:43.086192,225,48,176,2.1095315656540787,89.61117677877361,1.3668023195211552,3.632152600191038,5.427670923459522,42.4445330387139
Nakuru,Nakuru Town West,2025-09-01 23:22:43.086192,169,39,130,4.827222424984725,70.24960679740231,1.1513654029509026,7.991629136842202,5.08587344260777,41.69411615485313
Nakuru,Nakuru Town West,2025-10-01 23:22:43.086192,178,38,139,3.96796105884417,87.16340986862747,4.731129035028342,9.620412336791325,1.6684941702065545,69.14543219107553
Nakuru,Nakuru Town West,2025-11-01 23:22:43.086192,218,32,185,2.6569652893831908,70.99243166300414,4.6128029681253935,6.090426745577601,3.4279382267055167,54.56580703313611
Nakuru,Nakuru Town West,2025-12-01 23:22:43.086192,290,47,243,1.8431873171472075,83.04161283484903,3.8420728011919363,2.8226472339919146,6.541881535593535,60.275688125581325
Nakuru,Nakuru Town West,2026-01-01 23:22:43.086192,300,61,238,3.6908633725566315,70.37003384421313,3.287752222368437,2.355713048198762,5.672858451631415,83.78312274703961
Nakuru,Nakuru Town West,2026-02-01 23:22:43.086192,335,54,281,1.1005154310330094,81.27853636025208,2.0194546608668245,4.561324547189979,3.8702516159900413,45.84406005764737
Nakuru,Nakuru Town East,2025-03-01 23:22:43.086192,122,28,94,0.9531952298622616,74.26105955464045,4.52965628667297,2.8221665466107373,3.861053308622742,76.89284981062814
Nakuru,Nakuru Town East,2025-04-01 23:22:43.086192,95,18,77,1.661535841330385,90.98643114326269,4.4996657399731905,8.689153461303825,4.103565002890277,84.45993003525162
Nakuru,Nakuru Town East,2025-05-01 23:22:43.086192,90,18,71,0.8558372282407034,81.18465405158203,4.487920229084048,2.39961254496615,4.894265694237214,63.572767261953445
Nakuru,Nakuru Town East,2025-06-01 23:22:43.086192,101,10,90,3.4539012273130076,84.41732598114916,2.0449520594643493,9.448280768428566,4.925768874271762,55.40228986372519
Nakuru,Nakuru Town East,2025-07-01 23:22:43.086192,67,16,51,3.373063567826006,75.88619600978514,1.9178398906704137,7.7166033629053405,1.5468510633724901,51.90037943263668
Nakuru,Nakuru Town East,2025-08-01 23:22:43.086192,61,12,49,4.941824140328441,76.36994334893177,2.6043864577996327,5.330920180240599,1.0958676185184835,83.17590402102188
Nakuru,Nakuru Town East,2025-09-01 23:22:43.086192,66,15,50,1.9743019875972418,71.27312388164331,1.658659472614414,9.280222205578774,3.1786508668062536,49.25644419887589
Nakuru,Nakuru Town East,2025-10-01 23:22:43.086192,59,13,45,1.3963065601243638,74.45457032045422,3.079743166420445,6.468206629253821,5.833586058778938,67.98095671697384
Nakuru,Nakuru Town East,2025-11-01 23:22:43.086192,78,14,64,1.5907399779395894,88.16486699191663,1.9577641288899983,4.248458785397835,4.493505152158827,61.23409067749296
Nakuru,Nakuru Town East,2025-12-01 23:22:43.086192,92,17,74,0.6250690712704112,93.98228669787625,4.405080018837982,9.904641201489902,6.6414272399180945,68.33685778267552
Nakuru,Nakuru Town East,2026-01-01 23:22:43.086192,96,12,84,2.0012312869147175,94.769529930512,3.617202349143856,4.573649354346972,1.4163609515649962,84.59765100244515
Nakuru,Nakuru Town East,2026-02-01 23:22:43.086192,118,25,92,2.2035897042993033,82.00580801454814,2.0829927002913267,3.6952025424358164,1.4981957749898718,65.03353212434388
Nakuru,Bahati,2025-03-01 23:22:43.086192,141,19,122,3.166181915459746,73.40949935345806,3.613680485431012,3.9455192576178586,2.4707307110190446,49.85295282677085
Nakuru,Bahati,2025-04-01 23:22:43.086192,126,22,104,1.1645363841896634,72.20077053500985,2.5256118976408146,9.106804419982133,3.3644458157277657,45.65576447323641
Nakuru,Bahati,2025-05-01 23:22:43.086192,132,15,116,1.0896828450437388,79.03223423074289,1.5293591185564166,4.676657837196996,7.063327429506854,76.82679316758599
Nakuru,Bahati,2025-06-01 23:22:43.086192,89,9,80,4.024408183373103,91.02293962264372,1.3060564719909924,2.7423782444227562,1.3919291429473106,64.98175683597812
Nakuru,Bahati,2025-07-01 23:22:43.086192,76,9,66,3.9977753996773417,85.16617564762396,2.0093074949399328,5.691616893589368,5.191894503068798,53.28518612946046
Nakuru,Bahati,2025-08-01 23:22:43.086192,89,9,79,0.8087449592857953,75.10352888021578,4.773526597535474,5.971926590126242,1.5419767145998775,73.63117978531885
Nakuru,Bahati,2025-09-01 23:22:43.086192,66,8,57,2.1071880696685357,71.45143292783649,1.8764709261374226,9.02111106283381,5.749908087453923,47.18435090259794
Nakuru,Bahati,2025-10-01 23:22:43.086192,87,21,65,0.7310665224229167,73.07681673702587,4.8179528081079335,4.8691664029965,3.1646038130872096,60.04550790073294
Nakuru,Bahati,2025-11-01 23:22:43.086192,79,18,61,4.518351658279529,88.15010115322879,4.176377942936454,4.594114174440281,2.479164286309657,67.40649695329279
Nakuru,Bahati,2025-12-01 23:22:43.086192,91,13,77,4.3772362914955885,70.4586747158469,3.146222058707158,9.612832056457696,5.828285676698381,41.459782309107304
Nakuru,Bahati,2026-01-01 23:22:43.086192,120,13,106,2.520455820235636,87.31255192197237,3.4025605263576293,7.501674876535486,1.379079890702272,78.09887774604015
Nakuru,Bahati,2026-02-01 23:22:43.086192,144,26,118,3.2661889812958496,76.84204194389352,1.6798723186775844,8.828194375950337,3.256931327709437,55.99683258690495
Nakuru,Gilgil,2025-03-01 23:22:43.086192,209,27,182,4.525000499625686,86.04125450941861,3.4118521629401117,8.388084245151155,7.53592215629638,54.03712980049349
Nakuru,Gilgil,2025-04-01 23:22:43.086192,208,44,163,2.1261206313519185,87.6396877619934,1.9020658683455625,5.603209870495821,3.4296634897737004,50.96890107146025
Nakuru,Gilgil,2025-05-01 23:22:43.086192,208,39,168,3.096911317535027,94.32294648729724,2.0567655205870077,8.335495769227732,7.440545567756726,81.09039620009142
Nakuru,Gilgil,2025-06-01 23:22:43.086192,192,26,166,4.372861596466699,73.5523845907905,3.4118195307873176,6.957748232435707,5.363003164771606,58.911976240118484
Nakuru,Gilgil,2025-07-01 23:22:43.086192,152,27,124,4.5434270077402905,85.6445857112265,1.1215309907609132,8.525267473840474,4.156787137295142,56.30127152315755
Nakuru,Gilgil,2025-08-01 23:22:43.086192,139,23,116,0.7067187412574671,72.09194930652622,1.1745975428030935,6.3300149157294925,3.5631903113240346,64.1428266440673
Nakuru,Gilgil,2025-09-01 23:22:43.086192,134,31,103,3.539858943045403,74.06850123071821,3.9562516579560127,5.955421251584961,6.054703236137613,64.29438120733204
Nakuru,Gilgil,2025-10-01 23:22:43.086192,120,18,101,1.0239502647946406,80.57153497028555,3.1553552819496185,2.413450863963372,4.914111598645578,42.82300022190391
Nakuru,Gilgil,2025-11-01 23:22:43.086192,173,23,150,0.5151652994339431,89.74257266316756,1.6547428085784515,7.7258652696895,5.432571209164491,71.75488471595008
Nakuru,Gilgil,2025-12-01 23:22:43.086192,169,32,137,3.8624480298316746,74.88816396234209,3.35639526985079,5.698327308497655,4.937666207984691,58.07343767831384
Nakuru,Gilgil,2026-01-01 23:22:43.086192,238,57,181,0.6479733009297237,70.40018933092489,2.14072969423289,2.2983298487441592,4.86371162141958,83.70000921997948
Nakuru,Gilgil,2026-02-01 23:22:43.086192,231,49,181,1.2962374971206496,93.91474195483303,1.6413776843857812,7.109639069109086,5.950533299058583,75.94983442165923
Nakuru,Kuresoi,2025-03-01 23:22:43.086192,72,10,62,2.8864559648452577,94.52126391527948,4.209516134708284,2.018563703138004,2.974167203785736,60.250436514547665
Nakuru,Kuresoi,2025-04-01 23:22:43.086192,63,12,50,3.144147697950112,78.76002752734155,3.033763045040787,9.813522538732432,7.498906376871843,41.37472463826883
Nakuru,Kuresoi,2025-05-01 23:22:43.086192,63,7,56,4.744735673007944,87.42650276644699,1.0666205579990966,6.240231623325691,7.368222195935729,58.201733702676265
Nakuru,Kuresoi,2025-06-01 23:22:43.086192,47,6,41,2.5891802240249735,75.31979535163066,1.1503212834062624,5.232613724939051,1.6128099224410182,64.24047628158645
Nakuru,Kuresoi,2025-07-01 23:22:43.086192,49,12,36,2.5603829221834866,89.25682833166648,4.843923483186558,7.471839699598124,6.316698335455954,82.53355786893961
Nakuru,Kuresoi,2025-08-01 23:22:43.086192,44,5,38,1.0280849768123301,73.86370382747421,3.901313030146068,7.807272416382026,4.386457532291391,49.26417553737062
Nakuru,Kuresoi,2025-09-01 23:22:43.086192,40,6,33,4.037557654899359,92.52458019766793,1.6204151945205725,8.104655836028856,1.458556845068883,41.44981054221167
Nakuru,Kuresoi,2025-10-01 23:22:43.086192,42,8,34,2.759892729923815,76.69638590187981,4.0478046632725535,6.011547212676483,3.143987840770059,51.0766963414139
Nakuru,Kuresoi,2025-11-01 23:22:43.086192,47,9,38,0.5158720717220564,81.37938589593399,2.21776533698343,9.126340145104335,3.3139116955482804,54.885338337291714
Nakuru,Kuresoi,2025-12-01 23:22:43.086192,53,11,42,2.731374292168307,70.28191707653066,4.96043855322543,4.2589574448948,1.2945924414773473,81.89910038937022
Nakuru,Kuresoi,2026-01-01 23:22:43.086192,58,11,46,3.105758927517518,89.08232145893005,1.7073058720553478,5.063445775588404,5.621713073152049,52.795664098336104
Nakuru,Kuresoi,2026-02-01 23:22:43.086192,69,9,60,4.5376043135114,74.91149031912568,1.8002209044946218,9.20774421152326,4.20526579103702,44.480206986007516
Eldoret,Uasin Gishu,2025-03-01 23:22:43.086192,370,61,308,3.5926522885199677,85.56327871747285,1.3785781685288212,7.742291261714072,3.519383263760281,78.02718529560312
Eldoret,Uasin Gishu,2025-04-01 23:22:43.086192,346,85,260,1.0452738698794124,93.57549755131205,1.517902746760638,9.097692752388852,1.0014548072797804,74.72540051645532
Eldoret,Uasin Gishu,2025-05-01 23:22:43.086192,255,61,194,2.6059625391476073,81.89230208028088,1.6575587281555881,8.183986232114052,1.6074013167516532,46.23228057722708
Eldoret,Uasin Gishu,2025-06-01 23:22:43.086192,255,60,194,2.4992475725432337,78.06454480298439,1.0372435685101418,9.664163000527566,1.4410043167777387,49.50092886476165
Eldoret,Uasin Gishu,2025-07-01 23:22:43.086192,272,47,225,1.2024971332145258,74.56658187866833,1.8954012405895582,8.814480722245897,4.646797996693551,64.70613450642333
Eldoret,Uasin Gishu,2025-08-01 23:22:43.086192,185,19,165,2.7992257169846937,92.14913311258114,3.3265954302063645,6.926316370988663,6.782476754549826,73.78051532071356
Eldoret,Uasin Gishu,2025-09-01 23:22:43.086192,189,27,162,1.9058113924850013,88.989166016586,2.4077292697938755,9.518223376150738,3.0211168217774973,51.00686578002659
Eldoret,Uasin Gishu,2025-10-01 23:22:43.086192,229,36,192,3.0450434629186227,80.84183478728612,1.2995213447949006,6.183837315294183,6.065208899786918,42.97139300864303
Eldoret,Uasin Gishu,2025-11-01 23:22:43.086192,237,32,205,0.745592746997017,85.61743374852695,1.9952448366424766,4.474049994903635,4.953014579629752,74.20041605179395
Eldoret,Uasin Gishu,2025-12-01 23:22:43.086192,251,25,226,1.690046824277602,72.14511036443174,3.579201474784885,5.593019095117563,6.613578220092198,73.00826959042413
Eldoret,Uasin Gishu,2026-01-01 23:22:43.086192,300,73,226,1.9582619978293365,84.18466164385092,4.3766061840277235,6.399118177395734,3.4440765200180485,60.13089641142194
Eldoret,Uasin Gishu,2026-02-01 23:22:43.086192,342,37,304,1.3156858463717467,91.47295903371005,2.367614584421645,2.2132531084334097,6.832829613374767,69.88644576238048
Eldoret,Moiben,2025-03-01 23:22:43.086192,192,42,150,0.688472890440047,92.43289250695322,1.1190518020848388,8.625772783452454,4.527683080134741,71.18859794074054
Eldoret,Moiben,2025-04-01 23:22:43.086192,214,38,175,1.8975816091770303,82.45690205673102,2.7391039723339055,6.022454844886928,4.774216387225233,56.8669778293077
Eldoret,Moiben,2025-05-01 23:22:43.086192,200,37,163,1.2617390153980128,70.20451923140413,4.892825129671101,7.446460628949004,4.484294608144268,68.16225846135877
Eldoret,Moiben,2025-06-01 23:22:43.086192,183,34,148,1.9891552652252358,85.91713823802817,4.681090849082824,4.591436732254248,3.907422608516712,55.18106276536355
Eldoret,Moiben,2025-07-01 23:22:43.086192,144,23,121,4.405963836751117,94.8039816839214,3.6348199560872922,6.968713144217934,6.9923894434916845,68.01517256910992
Eldoret,Moiben,2025-08-01 23:22:43.086192,134,21,113,2.45451488273856,77.75624788323807,2.0134217701398716,2.208990895520361,3.215515619899011,54.523560547554425
Eldoret,Moiben,2025-09-01 23:22:43.086192,125,21,104,4.966249804857118,75.69455521883691,3.0932632117225642,3.5337903287498884,4.17372101424165,53.077745593715704
Eldoret,Moiben,2025-10-01 23:22:43.086192,115,20,94,3.864152685780667,91.15923154026152,2.2856341731893224,7.8062586269403464,7.306028135567146,81.58681488292744
Eldoret,Moiben,2025-11-01 23:22:43.086192,156,26,129,0.8334648528753309,78.3218795168049,3.543268435453533,8.337375394843754,7.897236609380748,57.67660037331255
Eldoret,Moiben,2025-12-01 23:22:43.086192,176,23,153,1.4719990968355112,78.22172436677367,1.3221383714251465,2.8761748822537303,2.0676657378444325,50.84474193752105
Eldoret,Moiben,2026-01-01 23:22:43.086192,177,33,144,1.0139952573875113,92.81527422318273,4.271968363569016,4.44237111097084,4.2711998365636274,58.146003784839294
Eldoret,Moiben,2026-02-01 23:22:43.086192,215,29,186,4.817835385614391,78.25967174073261,4.76220065321907,2.9839287925458367,4.038924193044288,46.650492954586724
Eldoret,Ainabkoi,2025-03-01 23:22:43.086192,217,35,181,2.1154142911520957,80.35210286527246,2.609529972489329,5.114964324935486,3.9874813247256977,68.37410394140834
Eldoret,Ainabkoi,2025-04-01 23:22:43.086192,217,34,182,2.6479173337573854,77.86047530457951,3.9825694756627654,5.344677039056052,5.0297532146500314,55.1658078241374
Eldoret,Ainabkoi,2025-05-01 23:22:43.086192,156,28,127,1.9942072969569362,88.48603609437116,3.9096676831609756,2.8865026105117213,7.17869975412182,43.47489241960981
Eldoret,Ainabkoi,2025-06-01 23:22:43.086192,157,32,124,1.4163707054376484,71.75093541301815,3.7848199924921335,9.464907598675941,3.5432176539416407,64.46309970809877
Eldoret,Ainabkoi,2025-07-01 23:22:43.086192,129,14,115,2.0819376019556266,82.06124667982903,2.047151023298196,5.928132543992356,5.1359563320172095,52.945102238949765
Eldoret,Ainabkoi,2025-08-01 23:22:43.086192,105,22,83,3.5654813305155875,75.89759298263866,3.0374983774609543,4.0951610181273566,7.7998153168070266,58.98075153236975
Eldoret,Ainabkoi,2025-09-01 23:22:43.086192,113,15,97,0.6413167837837772,89.53194437264258,3.3428690795246134,5.535222743354957,4.719776141890929,71.81559931840758
Eldoret,Ainabkoi,2025-10-01 23:22:43.086192,132,19,112,1.0257334660040636,71.43320100035518,4.6269547504311515,9.052870329276214,1.6632313715523468,59.53658406608361
Eldoret,Ainabkoi,2025-11-01 23:22:43.086192,139,34,104,1.652789214750343,94.82043399555693,4.276363967774044,8.085016882825455,3.3387613558527818,67.25366302970235
Eldoret,Ainabkoi,2025-12-01 23:22:43.086192,165,31,134,2.8375159263018963,91.55593269971817,2.146646149859494,7.715819258889823,5.754739197591295,49.22958364407738
Eldoret,Ainabkoi,2026-01-01 23:22:43.086192,210,33,176,1.9170954762059549,90.54117116693143,4.952308137196474,5.151869070103337,3.5923000321221767,77.82023689908256
Eldoret,Ainabkoi,2026-02-01 23:22:43.086192,193,45,148,3.4682661825674366,78.96671799484525,3.928035044088901,6.215698623205102,1.946419246873711,71.67595298723059
Eldoret,Kapseret,2025-03-01 23:22:43.086192,222,27,194,0.9645670604086751,74.75871497191666,2.6873144292126776,3.1272771261200507,3.0060270412627976,83.16381366206113
Eldoret,Kapseret,2025-04-01 23:22:43.086192,212,37,174,2.649278747372943,74.08782504988739,4.410954315831081,4.778367264599261,2.7303164260995856,58.03555129701047
Eldoret,Kapseret,2025-05-01 23:22:43.086192,270,42,227,4.333509031486254,88.79540205945165,1.1167798272899683,6.261334911072059,5.080638678223851,65.08621469914561
Eldoret,Kapseret,2025-06-01 23:22:43.086192,197,35,162,2.9405425509560073,74.06012792729238,4.968401517899293,9.093714045313522,6.009478919495629,65.163599771938
Eldoret,Kapseret,2025-07-01 23:22:43.086192,138,32,105,1.787241622997807,83.2483693601384,3.388850840534096,7.824220648586313,5.320305723556364,65.67139779564532
Eldoret,Kapseret,2025-08-01 23:22:43.086192,123,16,107,4.2352771388053085,75.04997858786841,1.9584651639091515,3.0608060559734156,3.0030228695073538,77.25600544331184
Eldoret,Kapseret,2025-09-01 23:22:43.086192,153,30,122,3.078213518146749,80.01373508801753,1.500689653764836,9.352682903949788,4.258294138584253,54.8196899566405
Eldoret,Kapseret,2025-10-01 23:22:43.086192,154,23,130,3.5626719801324307,85.17218420988179,2.682240309510612,7.585484689524139,4.12268481392478,44.42440059600719
Eldoret,Kapseret,2025-11-01 23:22:43.086192,164,24,139,3.1241604368084195,79.36137080811457,3.465987390785916,9.747242623463691,7.9537526274223795,48.11566995951322
Eldoret,Kapseret,2025-12-01 23:22:43.086192,193,35,158,1.2581146354933137,73.73628636883103,4.6816136746518655,2.9970497516510397,3.3890689865624837,51.412799654364875
Eldoret,Kapseret,2026-01-01 23:22:43.086192,200,30,169,0.5561536014921377,75.66149248520654,3.118019076381833,8.450925458334037,4.530367167309229,68.33556184134451
Eldoret,Kapseret,2026-02-01 23:22:43.086192,246,56,190,3.1109252282758146,70.8807550767309,3.615403096594238,3.05819009266179,4.063837333803322,75.97787108355331
Eldoret,Turbo,2025-03-01 23:22:43.086192,336,44,291,1.320196611051861,86.47098844305603,1.212486286608927,2.454168367360267,7.924372739873155,84.04900655973789
Eldoret,Turbo,2025-04-01 23:22:43.086192,320,51,269,3.002727513280413,72.4653426357743,2.663258599114137,9.047207149027582,5.679723573124785,68.71892269880225
Eldoret,Turbo,2025-05-01 23:22:43.086192,263,62,201,0.5189903360333127,78.15720230743555,4.322519678213433,9.284570995432329,3.513047967452662,64.1799747952583
Eldoret,Turbo,2025-06-01 23:22:43.086192,272,33,239,4.735301292799985,85.92885507085512,4.088891482637537,8.111547140166389,4.3232346290462225,66.99615008357804
Eldoret,Turbo,2025-07-01 23:22:43.086192,226,28,197,2.230915604566604,83.00266477505473,1.650638615250827,4.622423270057817,3.2905300816348912,73.14912430456184
Eldoret,Turbo,2025-08-01 23:22:43.086192,211,26,185,4.796706059767367,88.97381906082593,2.4335747513444312,4.5730822511225115,2.669288875980902,78.52238280444351
Eldoret,Turbo,2025-09-01 23:22:43.086192,168,34,133,2.115739170681323,85.33161609772418,1.2159318753482942,7.620186296097248,3.525716718971826,67.02186527630232
Eldoret,Turbo,2025-10-01 23:22:43.086192,203,41,162,3.8472219452662477,81.21086815546715,4.000227483720243,8.890484914823084,3.420572942979697,60.73635003423096
Eldoret,Turbo,2025-11-01 23:22:43.086192,279,36,242,1.2519097623832292,86.8421591193283,4.2531571503720595,8.827566267663496,3.9854560829585925,71.37780493592582
Eldoret,Turbo,2025-12-01 23:22:43.086192,245,56,189,3.646489538730443,89.97101322951181,1.5569633358184491,2.1598493044871026,1.2269249049801991,56.26746168175792
Eldoret,Turbo,2026-01-01 23:22:43.086192,344,64,280,3.3277747079115874,72.83381508836155,1.5342340706371504,6.868439867424924,2.6588753839692063,65.14764551578921
Eldoret,Turbo,2026-02-01 23:22:43.086192,400,97,302,1.1828360601350956,80.34661471272868,2.471562332360625,7.928807436179421,7.990734883482748,58.363564957403646
Thika,Thika Town,2025-03-01 23:22:43.086192,295,72,222,1.792134889457658,91.01563073860176,4.060926792834145,7.8375136891611685,4.54787240906711,47.4475300761346
Thika,Thika Town,2025-04-01 23:22:43.086192,252,34,217,4.095323875336021,87.27636428118655,1.810526127164608,9.841277987345855,5.070112501366996,40.51154133999939
Thika,Thika Town,2025-05-01 23:22:43.086192,234,36,198,3.5020708508649747,84.38313993622239,4.230809434153425,5.434460377514181,4.394259950517809,63.628482814383574
Thika,Thika Town,2025-06-01 23:22:43.086192,245,42,203,4.201746133807473,82.19059637270415,4.723991603243924,9.049726492211398,1.4594875034967334,82.34077345665594
Thika,Thika Town,2025-07-01 23:22:43.086192,189,31,157,0.7819768706123778,88.71617403212524,4.312883720257183,4.131175433169309,2.0286601879363557,73.59746618877756
Thika,Thika Town,2025-08-01 23:22:43.086192,141,25,116,3.5355303693092863,70.51341790857308,4.507218116415697,6.4487396380716095,3.022118190548416,40.679689027381535
Thika,Thika Town,2025-09-01 23:22:43.086192,155,20,134,2.453302795775352,89.85520341099937,4.743639482147177,5.424338655834423,6.552981924406719,58.64890446751505
Thika,Thika Town,2025-10-01 23:22:43.086192,181,26,154,0.7403248824616696,88.27349814628856,1.1464759568036795,4.748294023644264,1.058791678219436,68.00343424209684
Thika,Thika Town,2025-11-01 23:22:43.086192,182,35,146,1.5520068462332488,86.87721577989893,3.881686791373005,4.914451282014071,7.35247253013882,74.53166061625828
Thika,Thika Town,2025-12-01 23:22:43.086192,224,48,175,3.3686373994900913,73.23980459181061,4.4131125587342,3.077912089079166,2.617117581488803,83.1843786504387
Thika,Thika Town,2026-01-01 23:22:43.086192,264,41,222,3.435049188439558,80.55702390067421,1.1959292272095063,4.892530212177129,7.287398172293233,46.00057734174696
Thika,Thika Town,2026-02-01 23:22:43.086192,287,33,254,3.9529451235514603,76.96836958790543,2.791100096111046,9.92787883844797,3.8683342625313277,78.75448343793414
Thika,Gatundu,2025-03-01 23:22:43.086192,212,43,168,2.371913803929937,94.3484344785446,4.579458531997789,5.258358562331087,7.884051989737137,57.48312698858702
Thika,Gatundu,2025-04-01 23:22:43.086192,215,51,164,3.7227332645642313,91.49277862916719,3.5454389000469075,6.222562078519468,1.0939831517241847,72.36111860484331
Thika,Gatundu,2025-05-01 23:22:43.086192,198,39,158,4.61066083544649,70.82851913689505,2.5239469680281243,4.596590908944695,5.722499521225371,73.31002453840648
Thika,Gatundu,2025-06-01 23:22:43.086192,164,18,145,2.499218480617992,81.49580873750571,2.7410423380903386,8.340848137407253,1.2977074208247215,69.9772304432714
Thika,Gatundu,2025-07-01 23:22:43.086192,123,16,106,2.303186933816117,83.75008867863727,1.8800052515308212,7.647847294429373,6.5609440106603385,81.12727000038913
Thika,Gatundu,2025-08-01 23:22:43.086192,124,28,95,3.1167250506834585,93.26898026947245,3.607394692794165,5.604414347842668,1.1363689577469012,72.85043795447041
Thika,Gatundu,2025-09-01 23:22:43.086192,102,20,81,3.5983084564884167,81.3077063688543,4.05955354863265,8.270482833594691,7.814056237019068,43.74869297204286
Thika,Gatundu,2025-10-01 23:22:43.086192,125,27,97,2.039568640090641,82.62427636081588,4.294900845997833,3.150191796039371,2.245287141575079,81.60785301325927
Thika,Gatundu,2025-11-01 23:22:43.086192,159,34,125,2.4748547132385674,79.29474877631026,3.157000375183899,4.305126387436933,4.1010891056060235,61.009984171462605
Thika,Gatundu,2025-12-01 23:22:43.086192,189,35,154,1.7314333402932647,71.0139033232358,2.6211077158600626,6.586466814286389,2.447680823133852,69.38953255685655
Thika,Gatundu,2026-01-01 23:22:43.086192,199,21,178,3.850645642561199,93.4672710578989,3.3816358816738514,9.18153447655102,3.5814481595767784,57.82164386417506
Thika,Gatundu,2026-02-01 23:22:43.086192,207,51,156,4.250330308492137,77.17940519730469,1.564458846277271,6.094620080039331,4.059238382786027,70.5037177217291
Thika,Juja,2025-03-01 23:22:43.086192,118,19,99,3.7349251138239894,88.82424555453747,2.3850194183896463,5.7786215338373825,6.730764049039293,68.68647429581654
Thika,Juja,2025-04-01 23:22:43.086192,120,26,94,2.2808514576805234,80.48690956261612,3.0271269235954836,4.5502774180805,5.408767879024217,42.438016933246395
Thika,Juja,2025-05-01 23:22:43.086192,91,15,75,2.882071766265688,93.30333316336853,2.711912281044381,8.492519380170808,4.461299018052882,44.3130887844359
Thika,Juja,2025-06-01 23:22:43.086192,107,12,94,3.8142630366168913,87.00610682797584,2.1753410962639004,5.661318254347287,7.68634900237301,73.2075156693231
Thika,Juja,2025-07-01 23:22:43.086192,79,19,59,4.742220624303312,79.79511174330814,4.285436449906845,4.7934918896657575,6.645719901652163,50.96621637182188
Thika,Juja,2025-08-01 23:22:43.086192,73,17,56,3.168112885009759,75.57862386233217,4.886843242140065,9.13676533443067,5.4291734158113885,69.3686665356791
Thika,Juja,2025-09-01 23:22:43.086192,81,19,61,0.7166119773871786,84.64815099230938,4.503301639485882,6.00416622871168,1.0852289405094078,58.08167032066686
Thika,Juja,2025-10-01 23:22:43.086192,66,16,49,1.0977079071360207,90.79526328531485,2.905467155020432,5.567761978365972,7.331019117993363,72.37596519112881
Thika,Juja,2025-11-01 23:22:43.086192,84,14,69,1.6051217284643449,86.64277381407659,1.8777216992878558,6.7103573411652295,1.4042525578104907,59.901687483599744
Thika,Juja,2025-12-01 23:22:43.086192,113,21,92,2.5291293835673754,83.61139486136031,4.524395952842891,3.17676430345898,7.987065775160998,75.8841994172723
Thika,Juja,2026-01-01 23:22:43.086192,119,24,95,0.7434419572911053,88.79044420440673,4.524584256641098,7.06366653085177,5.915227854908575,72.0526551858733
Thika,Juja,2026-02-01 23:22:43.086192,128,17,110,3.612229732291449,94.59675690406829,1.5578208975247243,2.3189424866379262,3.835678959918675,50.888397041648105
Thika,Kiambu,2025-03-01 23:22:43.086192,136,14,121,2.045890454151347,75.24771192122991,2.158313847556863,2.5549105168823045,3.1704766095344574,71.34847198469014
Thika,Kiambu,2025-04-01 23:22:43.086192,171,35,135,1.8583390651142362,86.3278398069973,2.365529957677865,4.582440576018908,5.026050466990717,56.07771244389483
Thika,Kiambu,2025-05-01 23:22:43.086192,120,14,106,0.7025500402213103,78.03229358617702,3.196252751560699,5.656096819434202,2.9610734525931552,74.3679204874057
Thika,Kiambu,2025-06-01 23:22:43.086192,99,15,84,2.6107355449902165,93.25530883741989,3.4382373234877512,3.51230535277863,7.316431662711264,68.66433172012502
Thika,Kiambu,2025-07-01 23:22:43.086192,90,16,74,1.2748148159368238,92.92501733737056,2.684599603706143,5.55405496798795,3.1308622575283964,68.86708882151868
Thika,Kiambu,2025-08-01 23:22:43.086192,84,17,66,1.225042355740306,77.83661552248154,2.373724235659082,9.566787930819213,4.73498751824208,57.626435454909085
Thika,Kiambu,2025-09-01 23:22:43.086192,85,9,76,3.8960218829751447,90.57690416788692,2.155138783566452,8.222890955134964,1.8133756044758824,84.96056756580523
Thika,Kiambu,2025-10-01 23:22:43.086192,73,12,61,3.6684105399553397,92.91226221926361,3.513829753686182,3.40852832614166,2.214551296210671,49.24831730705036
Thika,Kiambu,2025-11-01 23:22:43.086192,99,17,82,1.5407116988989664,93.87579137085956,4.0852909686628625,8.654681229123108,5.804307454501988,61.516404323240096
Thika,Kiambu,2025-12-01 23:22:43.086192,122,24,97,4.174907511432922,85.00027628145759,4.885916334648514,2.8629552311610356,2.277370901479027,72.24976646572685
Thika,Kiambu,2026-01-01 23:22:43.086192,126,22,104,4.9365569415968436,80.78753117640619,1.1078326677966692,6.509143467589225,2.9361153421807233,77.93434300123656
Thika,Kiambu,2026-02-01 23:22:43.086192,142,30,111,4.651530771232403,93.27881603616451,2.670344386780402,4.775280875787895,1.463761116855682,40.62226908459444
Thika,Ruiru,2025-03-01 23:22:43.086192,284,63,220,3.7112422062042785,74.72042320896595,2.9564988850240086,3.8609708988101366,3.3437761679758364,68.89253054993505
Thika,Ruiru,2025-04-01 23:22:43.086192,256,52,203,1.3363457368156675,90.7173953169923,1.0837601079844603,7.6096482488586386,4.959086390306911,76.64869388328451
Thika,Ruiru,2025-05-01 23:22:43.086192,213,52,160,4.206011603301354,74.8098116332143,3.402865480840145,4.5856720752755455,4.373698477801994,83.43880357729896
Thika,Ruiru,2025-06-01 23:22:43.086192,184,31,152,1.5145638355072686,79.70515162755598,4.570875290043752,3.243256108509997,1.4058961665285326,83.29662238736725
Thika,Ruiru,2025-07-01 23:22:43.086192,148,20,127,4.527685921860386,86.10585184776593,2.6380662272720237,6.511805317988719,4.074712428911256,64.66551033520363
Thika,Ruiru,2025-08-01 23:22:43.086192,154,21,132,2.6019843156136724,86.66100332384923,2.004705132424785,9.031202023525362,7.197524442669793,79.93955488865754
Thika,Ruiru,2025-09-01 23:22:43.086192,130,27,103,2.972672118071794,84.67639905879952,1.6557347810684608,4.539912377544207,7.626202221719963,75.92307802257945
Thika,Ruiru,2025-10-01 23:22:43.086192,138,15,122,2.8575510990200517,89.51622505349093,3.969996636306507,9.564511034217968,3.112201273765847,43.9903704483806
Thika,Ruiru,2025-11-01 23:22:43.086192,185,22,163,1.0987079579604364,74.77326273158188,4.433007035888961,6.886488041352742,7.437119992536331,70.59280983779371
Thika,Ruiru,2025-12-01 23:22:43.086192,212,50,161,2.6578344829609826,72.65980796621437,1.8040825360334027,9.055599395798673,7.389745865206227,48.78194798186014
Thika,Ruiru,2026-01-01 23:22:43.086192,179,34,145,4.644872237219966,81.50810389028341,2.4790892010085925,5.581078183210712,4.533422622441057,64.55926770322054
Thika,Ruiru,2026-02-01 23:22:43.086192,209,47,162,2.767681847268376,82.71610373242918,4.331965666689989,7.302094257332384,7.171770307545085,84.42374347779023
Kitale,Teso North,2025-03-01 23:22:43.086192,406,54,351,1.6115553838302075,82.27329745562633,1.231389259080748,9.928622932642728,6.2141207782871986,51.746524096230914
Kitale,Teso North,2025-04-01 23:22:43.086192,363,81,282,2.186432018840364,73.56141901281104,3.5542422683272044,4.5462051316805026,3.5773764558426584,75.9639514357236
Kitale,Teso North,2025-05-01 23:22:43.086192,324,49,274,2.3895562037009856,77.54242067785533,4.530883791865303,4.611759693899035,7.912808762982803,70.14410546314612
Kitale,Teso North,2025-06-01 23:22:43.086192,286,45,240,4.506678893418769,71.39986632774648,1.2010640771943124,5.71434383043877,5.035114888880397,67.24514282110255
Kitale,Teso North,2025-07-01 23:22:43.086192,254,27,227,1.6860451208411962,89.4239640997165,1.178131802894455,2.1717736872526636,7.322310709309194,42.071402783341966
Kitale,Teso North,2025-08-01 23:22:43.086192,187,20,166,1.2739789417970644,77.1914808245891,4.744281703083165,2.1952904251336447,2.0940382538388382,74.99106005129968
Kitale,Teso North,2025-09-01 23:22:43.086192,177,38,139,4.776290899850749,74.00748264050796,3.667404172458307,8.41019131310604,4.2603157509235015,50.030271483608914
Kitale,Teso North,2025-10-01 23:22:43.086192,204,35,169,1.8632463719069485,70.42285256132241,3.1235052162934447,7.289448341970509,2.403780591375928,47.51182678232859
Kitale,Teso North,2025-11-01 23:22:43.086192,256,34,222,4.208700701799601,78.6770241734869,1.244296728857381,8.286290619120624,3.4899964554445626,81.53166560304375
Kitale,Teso North,2025-12-01 23:22:43.086192,327,53,273,2.137853003348269,86.18046807559625,4.502013434392174,7.400105623702396,6.797859327631821,80.77390152577485
Kitale,Teso North,2026-01-01 23:22:43.086192,320,35,285,2.3153758330082486,85.0813076411766,4.644493673563376,2.594702601179656,1.5956807320746254,66.93879872673801
Kitale,Teso North,2026-02-01 23:22:43.086192,351,68,282,2.126813471862479,92.87370088596222,2.0984435892333373,5.218862281085404,6.697909424648661,75.85964197479974
Kitale,Teso South,2025-03-01 23:22:43.086192,296,50,245,4.389350642040684,78.11515690065033,1.5957920812103952,5.925235584904209,1.1123442051373238,53.23888009010106
Kitale,Teso South,2025-04-01 23:22:43.086192,233,48,184,1.7274400982712323,89.83116902396671,4.820477392174364,6.8705129175564625,5.117432714717168,52.91604523745055
Kitale,Teso South,2025-05-01 23:22:43.086192,235,38,197,1.8700103887440283,92.1740776520319,4.038004716937069,6.561615400946785,3.0766834932333453,44.98989113478135
Kitale,Teso South,2025-06-01 23:22:43.086192,193,21,172,2.5355887653571703,72.17263602294916,2.682798598979455,2.55143376466246,3.125077826083531,55.03547751442748
Kitale,Teso South,2025-07-01 23:22:43.086192,206,41,165,2.3393056075802274,83.04026614741224,1.790983523372104,7.825918771748668,7.820143085728393,55.696439602832235
Kitale,Teso South,2025-08-01 23:22:43.086192,149,25,124,4.892053060181691,73.58657414991413,1.6008222079076964,8.594659225673682,1.2820186968955691,50.31396759753085
Kitale,Teso South,2025-09-01 23:22:43.086192,179,20,158,0.6726682747560968,74.00620276479006,3.461841729253176,2.728439798851067,7.872736744263417,41.09048075429371
Kitale,Teso South,2025-10-01 23:22:43.086192,152,30,122,1.3343132923537149,84.38316274275437,2.114043553813254,2.994293069614362,5.714171547819886,44.8111369999294
Kitale,Teso South,2025-11-01 23:22:43.086192,166,35,130,1.476562996616885,91.69308554471314,3.0570044801990894,8.765064717815203,2.42172516423864,79.61516163406853
Kitale,Teso South,2025-12-01 23:22:43.086192,209,50,159,2.1233657364281355,74.48772462876424,3.5001918743728897,3.962888537373008,5.21922169251632,78.1645854589328
Kitale,Teso South,2026-01-01 23:22:43.086192,215,52,163,3.3066595160405976,76.22232850494734,2.237430074621189,2.5602728421990975,1.8896196893319246,59.808311321766176
Kitale,Teso South,2026-02-01 23:22:43.086192,219,43,175,1.7650515990892013,73.09899218673763,1.8475225763586063,6.698848242732515,4.291806318252524,75.7358420178453
Kitale,Nambale,2025-03-01 23:22:43.086192,101,19,82,4.155850835095954,89.7588573747522,4.270227854658973,8.588074360638206,2.655748039118212,41.536537081341386
Kitale,Nambale,2025-04-01 23:22:43.086192,106,13,93,2.3175511524763066,87.6178551656252,2.000964972043514,9.955327745215037,3.0219799829321743,62.23937945156454
Kitale,Nambale,2025-05-01 23:22:43.086192,94,13,80,2.251812767676486,73.98029644046804,1.5747278306524408,6.046946780714527,1.4732426537716519,64.99815229274563
Kitale,Nambale,2025-06-01 23:22:43.086192,80,13,67,2.8911564746009724,80.78096857852691,2.6840508555906153,3.543044382868203,5.108806872698198,65.34714989878415
Kitale,Nambale,2025-07-01 23:22:43.086192,68,8,60,1.9562018835650699,78.36350880116191,2.8948643903809668,5.44904071306092,3.568569270630276,58.03603716682344
Kitale,Nambale,2025-08-01 23:22:43.086192,67,15,52,3.828311136595373,76.63214856499239,4.117776201421279,5.129156808292316,3.9733324355435418,52.96085027718517
Kitale,Nambale,2025-09-01 23:22:43.086192,63,14,49,3.2861702204124894,79.83760355312087,1.8457066184287836,4.702728116370988,6.168727658447243,84.85227408417589
Kitale,Nambale,2025-10-01 23:22:43.086192,62,12,50,0.5896738605203649,78.39774105938699,1.396064722183167,6.2605691173586075,3.3256189943335634,73.91253633370026
Kitale,Nambale,2025-11-01 23:22:43.086192,69,16,52,3.917447262768606,70.66593298031954,1.6673564747600196,7.053654475054414,4.51345199082048,80.41261117382862
Kitale,Nambale,2025-12-01 23:22:43.086192,97,12,84,2.709386305996307,73.28722540623151,3.1944543167195425,8.700720508155445,3.7922306109732338,49.473552547331174
Kitale,Nambale,2026-01-01 23:22:43.086192,100,15,84,4.80593169242249,88.63285777329006,2.8506346158778886,5.182002107993742,1.1928266581061548,75.04738403056561
Kitale,Nambale,2026-02-01 23:22:43.086192,106,12,93,4.320908537786247,82.34106509709147,4.688594617856684,4.49173826866748,7.805284604556718,61.08309482238462
Kitale,Matayos,2025-03-01 23:22:43.086192,192,33,159,1.9655683227967327,86.14864242782502,1.5233957854705418,9.957644025999766,5.064681984984866,51.81803006466532
Kitale,Matayos,2025-04-01 23:22:43.086192,192,36,155,4.768197078417898,82.71149206991939,2.871691316059337,5.898903830429645,4.674228602563711,67.76076818598493
Kitale,Matayos,2025-05-01 23:22:43.086192,155,21,134,1.9970282937235135,89.56402257636782,2.6306773543092854,8.563333209018701,2.8280123229500385,69.73661704656764
Kitale,Matayos,2025-06-01 23:22:43.086192,178,37,141,1.8066383305080214,80.65012106002777,3.969983516294843,6.793262815047251,2.35909592614711,74.35260711179438
Kitale,Matayos,2025-07-01 23:22:43.086192,125,16,109,4.474486708873863,76.4552304174489,1.2752892613648492,5.454278861988051,6.554215085087797,69.56524696824485
Kitale,Matayos,2025-08-01 23:22:43.086192,126,25,101,1.1932293482037746,94.986761964232,3.6112619959218026,3.4721702332562634,5.235089098326824,44.193108424767765
Kitale,Matayos,2025-09-01 23:22:43.086192,110,17,93,3.9225574808226034,89.43634503486274,2.2389064825248135,3.165892445907871,7.893719617679322,83.71617382393558
Kitale,Matayos,2025-10-01 23:22:43.086192,117,27,90,2.663922329106419,84.43330359611173,2.63657275483981,8.234357330357037,4.792247415169465,76.63197889456575
Kitale,Matayos,2025-11-01 23:22:43.086192,145,22,122,2.1116438221967653,72.83169916794597,2.171099081668768,4.119017486388417,2.948465614807432,80.23567343150322
Kitale,Matayos,2025-12-01 23:22:43.086192,170,20,150,1.3135968862727283,70.70605156585479,2.4964343967845823,3.467709249474858,2.621617821096142,62.39541426883118
Kitale,Matayos,2026-01-01 23:22:43.086192,193,45,147,0.8436400104905305,79.26390026281743,4.496685996792598,7.104149505367101,5.437748512630572,74.44453384814814
Kitale,Matayos,2026-02-01 23:22:43.086192,210,44,165,3.765194431515951,94.82425990115459,4.067507152480573,6.39586149416537,6.653216008362816,46.85931484669422
Kitale,Butula,2025-03-01 23:22:43.086192,87,10,76,2.586500082581984,75.52000432864483,2.8180270706884074,7.810507969361548,4.676702907322191,74.09470624530746
Kitale,Butula,2025-04-01 23:22:43.086192,79,13,65,1.0355410962113654,70.73893222521063,4.195956964805081,8.528922398611407,4.68088660175165,59.1852117493991
Kitale,Butula,2025-05-01 23:22:43.086192,62,12,50,2.0713251937087502,87.50982099538612,2.1781058797165826,7.372474259917096,4.268949413368844,47.033191568721065
Kitale,Butula,2025-06-01 23:22:43.086192,72,14,58,3.536594367205553,71.92861617547221,4.505719701873467,3.653232014122521,4.364065192564201,62.51936300504591
Kitale,Butula,2025-07-01 23:22:43.086192,44,4,39,1.4162710260594984,71.4041414003696,3.50681114267223,8.405258370488664,2.8790516103778234,61.50815851412085
Kitale,Butula,2025-08-01 23:22:43.086192,50,6,44,2.9304897214024948,77.39317464162524,1.3962068536198204,3.012522338128556,3.728040578611049,46.71282995741121
Kitale,Butula,2025-09-01 23:22:43.086192,37,5,31,4.1316872979823955,87.9291899760878,1.0065282233498052,4.750959417227995,4.162037583005615,52.23556231435709
Kitale,Butula,2025-10-01 23:22:43.086192,46,10,36,1.4924616004552773,82.49288761761085,3.154542083020087,2.7979639103806857,6.010201620912786,84.4651251358608
Kitale,Butula,2025-11-01 23:22:43.086192,42,5,37,3.457500869045485,90.85101259389184,1.9621484952479955,3.9695183313383717,7.689671061837541,56.91182650160208
Kitale,Butula,2025-12-01 23:22:43.086192,71,17,53,2.741244921482968,73.0859927322288,2.756331069024843,5.980356380801842,4.8077405122959345,72.99241982298395
Kitale,Butula,2026-01-01 23:22:43.086192,68,8,59,4.56048777138032,90.26257664121796,4.0733419261642485,8.230479585026385,3.7306042499627328,49.691705059378044
Kitale,Butula,2026-02-01 23:22:43.086192,85,11,73,1.752110030022382,79.57217033776115,2.139684392377267,4.963284884887317,4.260099346803905,79.60646952411906
Garissa,Garissa Township,2025-03-01 23:22:43.086192,332,38,293,2.5907520488298625,85.29987154326143,3.028181847120513,2.0000937961652925,4.229972564009271,76.0010246488475
Garissa,Garissa Township,2025-04-01 23:22:43.086192,419,45,373,1.6076352083120413,75.20150220630684,3.5175161973438724,2.8020948192917867,2.8350755421980063,53.4599984183304
Garissa,Garissa Township,2025-05-01 23:22:43.086192,332,72,259,2.314453254475453,93.27531748964061,4.789556663021273,8.29703052875826,7.936538078965207,79.54961368211465
Garissa,Garissa Township,2025-06-01 23:22:43.086192,260,59,200,1.9066847710582877,71.9064648069408,2.6118793738840727,4.4102581810289365,2.923804799850662,68.16360081101531
Garissa,Garissa Township,2025-07-01 23:22:43.086192,215,42,173,4.540047246877722,83.04499652315454,4.680393321733015,4.055564698156895,5.226933744255965,58.664176662167264
Garissa,Garissa Township,2025-08-01 23:22:43.086192,227,34,192,4.336590261534367,86.36804155759722,1.7621001528460796,2.3282076136312435,2.5465552625186003,84.09776958611357
Garissa,Garissa Township,2025-09-01 23:22:43.086192,198,24,174,2.51697761175054,88.62051271960067,2.5919871018344027,6.871411949577977,3.9658036092357776,42.93257318621598
Garissa,Garissa Township,2025-10-01 23:22:43.086192,201,28,173,2.290721656398263,73.68925598218476,1.747297466793262,5.118609886054518,2.204490137957464,40.87638674133385
Garissa,Garissa Township,2025-11-01 23:22:43.086192,241,52,188,3.236812185044852,92.51926728698365,4.03931108487734,7.588726219090047,1.3477276793427673,79.69310641811671
Garissa,Garissa Township,2025-12-01 23:22:43.086192,275,64,211,2.2634319011434076,80.13410629641344,4.655600228819562,9.94281964375114,3.420307770889279,40.09830411067023
Garissa,Garissa Township,2026-01-01 23:22:43.086192,342,54,287,2.6061186318281098,88.18169082808794,1.1590707592322875,9.299788191493658,7.291580795494842,46.558155024233194
Garissa,Garissa Township,2026-02-01 23:22:43.086192,372,68,303,2.3878797847935456,73.38812341874858,4.203085436984116,6.225272249956216,5.264680731046429,70.02672400027625
Garissa,Balambala,2025-03-01 23:22:43.086192,278,64,214,3.588884816420065,85.42014784960683,1.0377501256654358,8.4838202317512,4.183897247901992,62.21842304371489
Garissa,Balambala,2025-04-01 23:22:43.086192,277,55,221,0.5461378919140867,80.97004181295233,1.7597686778095625,2.477850742603427,3.5271577690063385,53.65426099776772
Garissa,Balambala,2025-05-01 23:22:43.086192,240,40,200,3.082178632980722,90.47041329341292,2.656046114967635,7.152947242958361,5.16133816833357,52.77497752966992
Garissa,Balambala,2025-06-01 23:22:43.086192,241,39,202,3.5299107807045633,74.36965356507623,1.968985369374638,8.66070869917418,7.1128747584408085,81.97719312060781
Garissa,Balambala,2025-07-01 23:22:43.086192,203,20,183,4.53124348444061,88.01839481760972,4.655203327512359,2.3106081407589123,2.2605408283417554,54.597202779548766
Garissa,Balambala,2025-08-01 23:22:43.086192,165,35,130,2.943275499841508,73.07575866083005,2.1498651918823897,2.806278908566287,2.123339738393768,51.60778159844503
Garissa,Balambala,2025-09-01 23:22:43.086192,195,21,174,4.835070411438108,79.26943223609123,4.134858729021327,9.459976968902515,1.464605373348176,55.089417317623365
Garissa,Balambala,2025-10-01 23:22:43.086192,206,43,162,1.8893399510116566,91.98346242677206,3.20430919541239,3.475505268115234,1.0616116431984564,79.93503562243767
Garissa,Balambala,2025-11-01 23:22:43.086192,207,23,183,3.7826760795972643,72.077422819223,2.909263740512201,4.56567164335101,5.451237846932987,56.774269005232476
Garissa,Balambala,2025-12-01 23:22:43.086192,220,41,178,2.89627040534935,89.50738828137087,1.1623704921611848,9.313260384119047,2.848287652390187,47.8365437299911
Garissa,Balambala,2026-01-01 23:22:43.086192,291,72,218,3.117600769601951,85.78075731443356,1.758487854238591,8.378916494104875,2.1154746106913764,64.75137103856049
Garissa,Balambala,2026-02-01 23:22:43.086192,285,41,244,4.3962429052724925,70.96488618137049,1.9076885154379788,7.635365799595753,2.03542266224838,40.99536542693757
Garissa,Lagdera,2025-03-01 23:22:43.086192,378,82,295,3.5283579014272766,77.44660846990733,4.110719308821338,4.672833776457274,5.094861501653819,40.260097315092175
Garissa,Lagdera,2025-04-01 23:22:43.086192,342,51,291,3.0045358004162575,81.85976856933719,4.944543671426013,8.937044456779654,6.2755264028203595,68.2482342076912
Garissa,Lagdera,2025-05-01 23:22:43.086192,304,64,240,4.257409868129314,79.15997819424466,3.9912861238019723,8.301567734938839,6.734998849427627,69.9145139369595
Garissa,Lagdera,2025-06-01 23:22:43.086192,304,59,245,1.4200452592455568,74.85398920816786,4.162940466449555,5.384976558916181,7.092144310182514,54.36564232191756
Garissa,Lagdera,2025-07-01 23:22:43.086192,255,40,214,3.756875225857899,89.41349435554976,4.179019844477222,5.029256093240656,3.20896967572586,76.9982446405121
Garissa,Lagdera,2025-08-01 23:22:43.086192,198,49,148,4.683447133607132,80.55331370966297,2.0203941520920026,5.001702882503994,5.541576754681278,42.909119535995735
Garissa,Lagdera,2025-09-01 23:22:43.086192,215,25,189,4.898323747431211,81.73326962251173,4.760726877193947,9.484497096377854,2.969541861702588,54.75023146874661
Garissa,Lagdera,2025-10-01 23:22:43.086192,203,27,175,2.7637119711400344,72.60086621108071,4.815738855384771,4.01305010949248,4.909252671789979,60.53916979504385
Garissa,Lagdera,2025-11-01 23:22:43.086192,248,44,203,1.506288445431232,74.11110669893452,2.720320660987861,6.140030641128628,5.586831846908591,47.57240069945342
Garissa,Lagdera,2025-12-01 23:22:43.086192,278,60,218,0.5155932915765915,70.49272064543227,1.495368255995623,7.605594996095072,7.149244708466472,75.5636381993079
Garissa,Lagdera,2026-01-01 23:22:43.086192,256,42,213,4.5024075886928365,79.54568014881633,4.859748569164102,2.475984316191801,4.5400157033623625,49.75709751119211
Garissa,Lagdera,2026-02-01 23:22:43.086192,363,69,293,4.338827935173203,75.96721570722087,3.9237050882079867,6.8482333839180525,2.9408424213555966,65.12995019151992
Garissa,Dadaab,2025-03-01 23:22:43.086192,245,40,204,2.6776540373261035,93.8840384913591,2.7335575239890293,6.0838919644687195,4.7215386105390085,58.96111239773906
Garissa,Dadaab,2025-04-01 23:22:43.086192,224,54,170,4.881248135578092,89.16051396473445,3.9642105415918674,5.72608902117877,5.604657347269856,68.51898085470194
Garissa,Dadaab,2025-05-01 23:22:43.086192,195,41,153,3.5614071124437685,81.87818325931705,2.321423681243039,7.6179337928910185,7.880752433465849,79.43838954827288
Garissa,Dadaab,2025-06-01 23:22:43.086192,165,38,127,3.018255921623754,73.7224272001137,3.0293534485321514,5.293000449100008,5.0157690221528,80.16893303983142
Garissa,Dadaab,2025-07-01 23:22:43.086192,147,21,125,4.248936935179827,82.97191063432268,1.1644956604621237,2.693963944237769,7.858199881934216,75.98297691335972
Garissa,Dadaab,2025-08-01 23:22:43.086192,134,18,115,3.601177371809082,70.89934389332556,3.9216006444674676,2.062620718051826,5.783819624898739,53.387580967815545
Garissa,Dadaab,2025-09-01 23:22:43.086192,123,22,100,0.9562652413246258,87.67195986207237,4.482012424920238,7.359912878265689,3.3357213540924477,63.759475692905795
Garissa,Dadaab,2025-10-01 23:22:43.086192,123,29,94,1.0839587541671207,87.6839621696985,4.677820537786631,2.13107989097845,3.525167240470659,68.26006323931095
Garissa,Dadaab,2025-11-01 23:22:43.086192,125,21,104,4.860802142629212,80.3532079354322,1.5478873065720338,3.123900705825374,2.06694990456403,71.71711048481379
Garissa,Dadaab,2025-12-01 23:22:43.086192,227,56,171,2.269709561487472,75.71435395996211,4.872706049329219,3.1799352543823556,7.9698683426856345,84.23724816155297
Garissa,Dadaab,2026-01-01 23:22:43.086192,228,45,183,3.625299456281875,83.19483862136889,3.403288328138333,7.932450502898397,1.8344051904245857,74.19893439224599
Garissa,Dadaab,2026-02-01 23:22:43.086192,223,44,179,3.144486756720427,72.50563091307747,2.55450649236342,5.092516924845316,3.300892369532158,55.18032355938055
Garissa,Fafi,2025-03-01 23:22:43.086192,255,37,218,4.106955800044682,70.76503242069597,4.889421472792327,5.697164770567684,3.9668361890798605,84.19117155985285
Garissa,Fafi,2025-04-01 23:22:43.086192,247,54,193,4.978638993631675,94.23146296749087,1.1921411852575807,9.680554778665156,4.819694893992778,78.4987817588688
Garissa,Fafi,2025-05-01 23:22:43.086192,257,26,230,0.9139042930548968,89.40330935533416,3.906020736821411,4.653926635663274,5.620197540836135,41.66356441107559
Garissa,Fafi,2025-06-01 23:22:43.086192,215,25,190,1.6506391072464475,76.61087864682108,3.753139925669214,7.02526674599089,6.075709281896634,57.718507147889255
Garissa,Fafi,2025-07-01 23:22:43.086192,189,41,148,3.816295017151862,94.72553985292535,1.5858615090345758,9.516354097475272,7.804161742168727,72.4211796931898
Garissa,Fafi,2025-08-01 23:22:43.086192,141,29,112,0.6209253860687588,85.04089324003954,1.0057962146959158,3.5992503439222103,4.625543720599392,57.66347993333176
Garissa,Fafi,2025-09-01 23:22:43.086192,175,26,149,1.7371853148100855,88.34051400952995,2.447437001543313,5.846599498438221,1.59845891553563,71.2804115387236
Garissa,Fafi,2025-10-01 23:22:43.086192,172,25,146,0.708886271873621,85.59102287616695,3.621699616825248,4.304161227033126,4.318497615689581,65.48583051657954
Garissa,Fafi,2025-11-01 23:22:43.086192,184,33,151,1.882604932815047,78.17330503047027,2.6718751483574423,4.249777605093255,3.4669834019092383,59.755352782928185
Garissa,Fafi,2025-12-01 23:22:43.086192,250,59,191,2.534718663061803,77.32117368374746,1.4128680061019896,2.20593260762037,7.283451253626364,74.98185262991626
Garissa,Fafi,2026-01-01 23:22:43.086192,277,51,225,3.776867968289836,91.06352800548163,4.603833190201055,4.4783056279637705,3.0542710843288354,70.2887786108432
Garissa,Fafi,2026-02-01 23:22:43.086192,257,52,204,1.7418635475141695,94.41214855011243,2.4844080417795436,7.450440947488937,4.74030782025356,83.75618092735134
Kakamega,Kakamega Central,2025-03-01 23:22:43.086192,179,40,138,4.413269405661449,78.71695404981148,4.120537834343957,6.855806966764115,5.353954071715368,45.35714391827927
Kakamega,Kakamega Central,2025-04-01 23:22:43.086192,159,29,130,3.401773775007024,79.04747330221332,1.1863519052066747,8.508492574427692,4.580817934976614,65.15119656589945
Kakamega,Kakamega Central,2025-05-01 23:22:43.086192,203,22,181,2.88894521003753,71.65263213938853,3.1679257147506426,6.040760700195356,4.683728072916578,40.69345305883144
Kakamega,Kakamega Central,2025-06-01 23:22:43.086192,154,18,136,3.1086999157654676,74.33537659754136,3.8116068349952834,8.741710831476622,1.4339562378400672,72.40753198232764
Kakamega,Kakamega Central,2025-07-01 23:22:43.086192,127,25,101,1.9189621046419272,86.92477156492406,3.5140866859849136,3.3701938971289094,6.393522557918892,79.52065621643644
Kakamega,Kakamega Central,2025-08-01 23:22:43.086192,102,11,90,3.587334884604349,91.70563618072138,4.14646824126201,3.4045662986864507,3.707384000518572,73.49276673176448
Kakamega,Kakamega Central,2025-09-01 23:22:43.086192,102,25,77,4.110438027486157,75.3292038391651,3.929883614780396,9.05013978660119,3.713850162552319,41.710703817096906
Kakamega,Kakamega Central,2025-10-01 23:22:43.086192,112,19,93,3.5702418772900226,85.20909196497776,3.254184919721512,9.864874143292742,5.036799810647769,66.15034654252136
Kakamega,Kakamega Central,2025-11-01 23:22:43.086192,132,15,117,2.193292151857876,76.34827866121708,4.098240231053999,4.983109778403025,3.388245243263638,80.09558639371372
Kakamega,Kakamega Central,2025-12-01 23:22:43.086192,127,31,96,2.3942285814963817,87.45845661582027,2.874575973507303,4.29565684524768,4.260785943094062,49.375609884263625
Kakamega,Kakamega Central,2026-01-01 23:22:43.086192,201,34,166,4.739332447463445,88.5181916592554,2.9429502414000206,4.0909428074890695,5.434632320254126,45.287751463049574
Kakamega,Kakamega Central,2026-02-01 23:22:43.086192,162,33,128,4.3537811530609964,81.67728897586622,4.385454454353668,2.3359609324446513,4.851061579414578,60.28580740181981
Kakamega,Kakamega East,2025-03-01 23:22:43.086192,138,31,106,0.8173624261088426,74.74621406408792,2.167129270374066,6.055750731998053,5.46109520957174,40.327116613147375
Kakamega,Kakamega East,2025-04-01 23:22:43.086192,152,18,134,1.27309741520583,89.47077278357294,3.3770248260498494,4.071250384957645,4.3878170962963985,54.167311976729664
Kakamega,Kakamega East,2025-05-01 23:22:43.086192,129,23,106,0.6572268052126837,78.58651497921846,4.072227959158036,2.440297082138642,7.4111693402033305,53.39871705379041
Kakamega,Kakamega East,2025-06-01 23:22:43.086192,111,12,98,3.1519189862504318,85.4447316635219,4.846029241994728,7.148365236072181,5.593786921779361,64.0458719709681
Kakamega,Kakamega East,2025-07-01 23:22:43.086192,82,8,74,4.234442548029545,71.79502796755882,2.4893263447200744,9.181511283872819,7.602375872188539,52.74764498771902
Kakamega,Kakamega East,2025-08-01 23:22:43.086192,90,16,73,2.8456054095011627,77.30006945119902,2.8676652444240895,2.117662897534289,2.699780125555309,43.73921368284964
Kakamega,Kakamega East,2025-09-01 23:22:43.086192,62,6,55,0.6772668186928306,82.80213049774578,1.5046771416680054,5.37936348403225,2.3248994736127324,80.13453298189646
Kakamega,Kakamega East,2025-10-01 23:22:43.086192,75,17,57,1.573332428512352,86.94720060042049,1.1867075094317472,8.373013392369469,6.011838402611768,74.12930818700092
Kakamega,Kakamega East,2025-11-01 23:22:43.086192,94,19,74,4.14838150192625,72.6936302080127,4.008117429468112,4.055891157519874,7.77527576397627,59.247838985962474
Kakamega,Kakamega East,2025-12-01 23:22:43.086192,114,19,95,1.9511123451534151,72.1705402846993,3.080541154987391,4.366946152173936,5.198779890092253,78.51783226276538
Kakamega,Kakamega East,2026-01-01 23:22:43.086192,130,14,115,2.311813135916111,77.92996832981288,3.5996743110190597,7.074329382993789,3.881950192740244,78.08219830875443
Kakamega,Kakamega East,2026-02-01 23:22:43.086192,154,19,134,2.3289520834750954,89.0616996663727,4.799134500428039,4.717994534591511,2.397214051445234,71.64989555006457
Kakamega,Kakamega West,2025-03-01 23:22:43.086192,135,23,111,3.01786227644959,83.39270278666316,3.908203330964688,4.715442651892397,7.721052027832002,40.75529628908929
Kakamega,Kakamega West,2025-04-01 23:22:43.086192,124,30,94,4.073057997170009,82.10135052541814,4.28069257819207,7.1614865293167655,7.517506289305282,68.78793650534382
Kakamega,Kakamega West,2025-05-01 23:22:43.086192,141,32,108,2.3967008083566648,76.55471689493001,4.819566080214979,3.6739174680825757,5.047877723582351,63.355750574430985
Kakamega,Kakamega West,2025-06-01 23:22:43.086192,95,14,81,1.5851372204904357,75.10751969294942,4.9637305027434815,2.543865790359244,2.5082962902519865,72.94708961122603
Kakamega,Kakamega West,2025-07-01 23:22:43.086192,94,16,78,3.1551271915658137,70.83911230162676,1.3084927731014093,2.0738429143771855,7.75534720495832,65.49648529126627
Kakamega,Kakamega West,2025-08-01 23:22:43.086192,71,9,61,3.872698712924504,82.27918744933096,3.4201505912848407,6.104403532856947,5.027506614974026,71.07610537273278
Kakamega,Kakamega West,2025-09-01 23:22:43.086192,74,9,65,2.074162927405469,88.93551356807347,3.131202321493602,3.6269489373525934,7.0696640989422,54.104327669046874
Kakamega,Kakamega West,2025-10-01 23:22:43.086192,63,12,50,3.933040574915272,78.4251914781562,2.2408475422748633,8.912983191495444,1.5855925969015798,53.1037238978884
Kakamega,Kakamega West,2025-11-01 23:22:43.086192,89,12,77,1.0730769384864127,86.77473825233977,2.512806779123046,7.76890579927707,7.1489907937180615,55.658735891776814
Kakamega,Kakamega West,2025-12-01 23:22:43.086192,106,21,84,3.2209888238916826,74.36889262645734,3.4143733931027596,9.326951217502685,2.5526407506072877,61.38711383588845
Kakamega,Kakamega West,2026-01-01 23:22:43.086192,139,32,106,0.6712801519680407,71.49286346427347,3.337695171002526,5.926277797036855,3.8139892160709143,73.82993645175938
Kakamega,Kakamega West,2026-02-01 23:22:43.086192,146,22,123,4.394786821601686,91.81300643795504,1.4497244573543848,4.516837259676588,6.623256265968376,54.80615712445067
Kakamega,Lugari,2025-03-01 23:22:43.086192,179,41,137,1.3181987328921083,81.34848780410731,4.410797743636847,3.314377132267043,2.3183007346331133,56.77951629907887
Kakamega,Lugari,2025-04-01 23:22:43.086192,139,18,120,3.524908352377862,70.56830590334714,4.695443165134977,5.917926025220964,1.5919822617147938,70.17491049057946
Kakamega,Lugari,2025-05-01 23:22:43.086192,129,13,115,1.6413599066522142,70.43392342557782,1.5334806469031625,4.207627449525778,1.973674226516155,59.193962564336445
Kakamega,Lugari,2025-06-01 23:22:43.086192,129,19,110,1.0940630591098188,79.21814766421853,3.073532964922384,4.029608403378152,2.4123773950380185,78.65265385222864
Kakamega,Lugari,2025-07-01 23:22:43.086192,106,12,93,4.8210266077551225,92.9426524313339,1.265765979805498,5.8177633330190535,5.3936017554153635,46.410476794580575
Kakamega,Lugari,2025-08-01 23:22:43.086192,86,19,66,0.8374985974391943,81.3471051240989,3.766768811282344,4.581581596387037,7.584110434864883,82.96588023420748
Kakamega,Lugari,2025-09-01 23:22:43.086192,82,15,67,4.7906155654954645,91.20878391698817,2.4048557104032025,9.796100555264374,2.517815009564332,51.45449050052609
Kakamega,Lugari,2025-10-01 23:22:43.086192,92,12,79,2.1095193284636786,81.17902456273205,1.303453421848825,3.4695412825144487,4.328942440846819,73.23527735099191
Kakamega,Lugari,2025-11-01 23:22:43.086192,88,15,73,1.6719472345893163,70.5523460442881,2.1686842557130777,7.658738181747782,2.3302199724665544,60.50299376995395
Kakamega,Lugari,2025-12-01 23:22:43.086192,116,17,98,0.6514190836925219,71.74499399647657,4.800024553408143,9.134750433740408,6.272827017696479,62.510366519759714
Kakamega,Lugari,2026-01-01 23:22:43.086192,135,31,103,4.510095142054727,70.20677687141391,2.7870513456744748,8.196241252673548,2.694242331539426,55.07223948441775
Kakamega,Lugari,2026-02-01 23:22:43.086192,158,22,135,1.8575672995890349,83.65394792660459,3.0398262919544985,6.459339298403687,5.139882533409144,76.77650775796579
Kakamega,Likuyani,2025-03-01 23:22:43.086192,333,72,260,4.976192363168838,85.89791172169265,1.7637771539505946,8.894930388958603,5.603037247540307,54.25280896372832
Kakamega,Likuyani,2025-04-01 23:22:43.086192,385,40,345,3.435533095092614,81.4554104345838,2.0904216133543163,2.9075405465960245,6.455818281701853,41.652106508220825
Kakamega,Likuyani,2025-05-01 23:22:43.086192,334,35,299,1.0143737127037944,70.4233023460786,4.5728967876773865,6.273614604938417,4.085868619425391,44.52941710101831
Kakamega,Likuyani,2025-06-01 23:22:43.086192,290,70,219,1.210532474141792,88.33722429938177,4.592079080651366,6.731763511867031,4.138012651045695,54.50549418982423
Kakamega,Likuyani,2025-07-01 23:22:43.086192,230,32,198,2.8363135100192745,81.09632994288536,1.2660042743834237,8.892582628166132,1.7846387566679813,76.90638575435287
Kakamega,Likuyani,2025-08-01 23:22:43.086192,185,37,147,1.157245405073862,78.09344471204614,2.6166525268470786,8.644487408050438,4.663388508484745,67.36864483901167
Kakamega,Likuyani,2025-09-01 23:22:43.086192,207,30,177,1.2234979906767742,71.71806026055633,4.063741191277304,3.171083255712424,1.5832568708455317,83.53450408367137
Kakamega,Likuyani,2025-10-01 23:22:43.086192,204,24,179,3.284908621330553,83.56782311454886,2.6568634872232555,8.999711897937829,4.315993803661857,71.00251868938078
Kakamega,Likuyani,2025-11-01 23:22:43.086192,221,32,189,2.6623410635454525,80.4092457056783,1.2400676323235764,9.038462015073211,4.013494712642483,41.077946381608314
Kakamega,Likuyani,2025-12-01 23:22:43.086192,280,69,211,2.776854777294206,87.2219782876699,1.8085376609510897,9.649244166972236,6.081036284817652,42.93580041166199
Kakamega,Likuyani,2026-01-01 23:22:43.086192,298,59,239,1.3216886050577996,91.14389312062129,4.717293450867938,3.286728378609128,4.146441622833274,76.74180669151039
Kakamega,Likuyani,2026-02-01 23:22:43.086192,306,56,249,4.709501752158796,93.97786506719062,2.358403644325695,5.313132388827175,2.5050619590953054,67.70337067034451
Malindi,Malindi,2025-03-01 23:22:43.086192,347,71,275,3.161253519302514,93.75621864695584,2.380400086383888,9.913886610336455,5.114236507241837,69.52433465187512
Malindi,Malindi,2025-04-01 23:22:43.086192,305,52,252,3.72205751045812,85.57511773444374,3.343790050787787,5.662830525575759,2.2180400769815796,74.3990919377397
Malindi,Malindi,2025-05-01 23:22:43.086192,343,72,271,4.255808295088931,71.55057343585992,1.988241068370245,4.474207635618573,7.847490428181065,63.52464243118294
Malindi,Malindi,2025-06-01 23:22:43.086192,270,39,231,3.0974479638379524,84.57744354776919,2.4065771273324943,7.553197643068114,1.654017107243584,76.20821766559703
Malindi,Malindi,2025-07-01 23:22:43.086192,186,31,155,2.3575404925438526,87.82026855824141,1.5063660455589196,9.439925165827862,1.1004240676774206,71.77414559017717
Malindi,Malindi,2025-08-01 23:22:43.086192,230,24,206,4.319320463132488,78.29092686006,4.598647957126214,5.1557097549289415,7.144905647008093,73.47501217910298
Malindi,Malindi,2025-09-01 23:22:43.086192,180,31,148,0.9363022739007667,89.07522703901594,2.7210091994958128,8.259780151041756,6.595175148047094,70.58086229844996
Malindi,Malindi,2025-10-01 23:22:43.086192,165,29,136,1.357166246204026,81.95649639980782,4.169926382731642,9.650972859265313,1.0249027335328207,65.87455108577042
Malindi,Malindi,2025-11-01 23:22:43.086192,232,44,188,3.14085227225738,76.01827749529654,1.2221098113099607,9.033462468188745,1.0992071333781384,78.38695226861066
Malindi,Malindi,2025-12-01 23:22:43.086192,277,40,237,4.818116421452918,89.62037257868393,2.3116362862078477,5.9088815817385605,5.732538277236715,62.15304143318431
Malindi,Malindi,2026-01-01 23:22:43.086192,323,69,254,0.5392876916763214,94.39763417877626,1.1821067607968527,8.08336519418334,1.81297616316266,43.61025507024068
Malindi,Malindi,2026-02-01 23:22:43.086192,354,43,311,1.8528589404110394,83.6751512923122,2.778569325751143,4.650831711397148,7.2814122918632,84.73493995488462
Malindi,Magarini,2025-03-01 23:22:43.086192,314,36,277,3.7056518422402287,83.84059254696243,3.963905507457811,3.67068467245418,6.9820715207988,53.91736689933452
Malindi,Magarini,2025-04-01 23:22:43.086192,235,42,192,2.7840820206254033,80.88695458940923,4.780588748713706,3.9770078312499866,2.850478465649677,72.22254377811501
Malindi,Magarini,2025-05-01 23:22:43.086192,226,43,182,2.707605255533404,77.67624668107209,3.6959783136715436,7.433339252481348,7.3353692492319205,69.06058027640634
Malindi,Magarini,2025-06-01 23:22:43.086192,212,32,180,2.801482666715092,89.74472715658882,1.2956981870685707,9.057104112522367,7.422457102821346,48.587078382700575
Malindi,Magarini,2025-07-01 23:22:43.086192,177,42,134,1.4330251933544302,80.47146075644228,2.6998003030211644,3.4592537244060058,2.59338630144017,68.72864478792977
Malindi,Magarini,2025-08-01 23:22:43.086192,167,20,146,1.1062441973313333,73.95404498307157,3.2831477251878924,7.240082585186015,1.9302430175950358,69.02443329557123
Malindi,Magarini,2025-09-01 23:22:43.086192,149,17,132,3.711358057845543,77.29083356034135,2.6609346427477,7.725349300969706,5.417906237833439,60.240107838923
Malindi,Magarini,2025-10-01 23:22:43.086192,161,26,135,3.9258666631031502,81.89117988255484,4.811783764035165,5.471898979423233,1.6963490061827382,61.82628391730849
Malindi,Magarini,2025-11-01 23:22:43.086192,147,29,118,2.625298763518981,83.96772718496707,3.5127558209412735,9.165014590495446,5.605646251495678,53.96551937238539
Malindi,Magarini,2025-12-01 23:22:43.086192,213,31,182,1.2440361788401033,93.69061457336268,1.0670874962406396,9.135469077133108,4.418964252907837,82.55686577144755
Malindi,Magarini,2026-01-01 23:22:43.086192,271,48,223,1.276456828465391,70.22310280974777,4.5280179924321855,7.530648646598554,5.452025401364084,65.61588532968139
Malindi,Magarini,2026-02-01 23:22:43.086192,263,51,211,3.1153509902773155,82.78407921782843,1.848964855964546,6.476086192636461,4.5342260303133886,56.35141568474471
Malindi,Ganze,2025-03-01 23:22:43.086192,345,76,269,2.558564740636016,91.9217016232951,3.562977146928739,5.793392716924114,6.015095052751828,58.99034669161165
Malindi,Ganze,2025-04-01 23:22:43.086192,383,92,290,4.003697113614567,91.34969062369701,3.1944969400051737,2.5839519518552967,6.924093847931113,40.76012174520967
Malindi,Ganze,2025-05-01 23:22:43.086192,329,35,294,2.882373296932275,72.0690057442034,2.608688798334001,7.418068534565609,4.044758003517964,50.34397982952496
Malindi,Ganze,2025-06-01 23:22:43.086192,241,30,211,2.976285201546159,71.02530219590204,4.554444034154608,5.809580126333823,2.116647930120875,49.49255348433356
Malindi,Ganze,2025-07-01 23:22:43.086192,260,64,196,2.720799216007187,82.93855395644432,3.004370101939719,6.257250567092788,2.8162118515345558,41.91351783261345
Malindi,Ganze,2025-08-01 23:22:43.086192,209,48,161,1.1244544636442475,74.80234254381598,3.523738907736667,6.74366575605077,7.052835440023448,63.62380626800395
Malindi,Ganze,2025-09-01 23:22:43.086192,169,41,128,1.4542619925317242,82.9637323743141,2.355917589407547,2.6267569747803936,1.2684438035731742,51.165588634744736
Malindi,Ganze,2025-10-01 23:22:43.086192,240,46,193,3.873325064183346,74.41904160633727,3.9235495295815412,4.404116571717939,1.7267133160838708,75.98617073037394
Malindi,Ganze,2025-11-01 23:22:43.086192,222,37,185,3.634212490514948,85.31875085712642,2.7567158841413018,3.272174489563043,2.1843740085852366,72.23095090904147
Malindi,Ganze,2025-12-01 23:22:43.086192,266,42,224,1.0877063995766034,80.49836297687713,1.5055170469311179,5.043808631888611,6.345407222364096,82.6636454239609
Malindi,Ganze,2026-01-01 23:22:43.086192,294,69,225,1.136439124828448,92.48214657234838,2.0735984764284545,4.108887394856849,1.139261337631122,54.059152716674454
Malindi,Ganze,2026-02-01 23:22:43.086192,388,85,303,4.172765944308169,77.31777423021765,2.571282751746465,5.63716556833155,6.669596981059134,83.18370925672923
Malindi,Kalifi,2025-03-01 23:22:43.086192,112,25,86,1.7039571807245757,86.90214898220594,3.7992855971288013,7.359818701100139,2.4789465660471888,51.87139443995501
Malindi,Kalifi,2025-04-01 23:22:43.086192,107,17,90,1.269180887231998,91.43384395802906,3.8653550914675403,3.8720061748660415,2.2455057521101427,67.30384678764905
Malindi,Kalifi,2025-05-01 23:22:43.086192,89,10,78,0.8115569731133789,80.95541599174999,4.984702203227022,3.257936271772911,2.243507835248926,60.11149537701336
Malindi,Kalifi,2025-06-01 23:22:43.086192,71,17,53,1.7931840013523541,77.98296101074517,4.938997292987329,3.920016839854325,7.005997314043078,80.30776606594875
Malindi,Kalifi,2025-07-01 23:22:43.086192,66,7,58,3.487254606784693,72.50252413178175,3.829886358379061,4.109308118556739,4.410440465909412,53.54914501187423
Malindi,Kalifi,2025-08-01 23:22:43.086192,54,6,47,1.1286992593918863,76.5603783765988,3.6532708140061168,2.2031405299671922,6.128774529134384,46.9121626300111
Malindi,Kalifi,2025-09-01 23:22:43.086192,61,12,49,3.704801411593254,78.11877934681596,1.802477509876891,3.2528424522354165,4.364429619145806,55.965035119864986
Malindi,Kalifi,2025-10-01 23:22:43.086192,68,10,58,1.8034755243385137,79.32958008841905,4.613090678421851,5.803370818465571,5.358462972569249,57.64096414037343
Malindi,Kalifi,2025-11-01 23:22:43.086192,74,18,56,0.6783854224683069,72.8385947499976,4.606235992679217,6.624283713341551,3.2122597910467556,73.3386704583155
Malindi,Kalifi,2025-12-01 23:22:43.086192,70,12,57,4.762283561465386,85.02566429305145,3.403922262074122,7.154166535714494,6.583485952291061,68.50001875048194
Malindi,Kalifi,2026-01-01 23:22:43.086192,118,16,101,3.305425286045109,74.43798758207768,3.4420173096583477,9.411905589712344,6.3702291084394975,62.61998402604926
Malindi,Kalifi,2026-02-01 23:22:43.086192,98,15,83,1.9743273297399173,94.14890732966018,4.6397031592893665,7.136266289648945,6.403018065391428,50.44536258098542
Malindi,Rabai,2025-03-01 23:22:43.086192,339,67,271,0.7854334056036035,83.68217711175699,4.009067364773825,2.9557984510899935,2.3531497171723994,41.048463895185144
Malindi,Rabai,2025-04-01 23:22:43.086192,333,34,299,2.2155917104178586,91.47269000792019,3.911297289316071,6.802022718114013,6.4900158084376995,44.68979096058088
Malindi,Rabai,2025-05-01 23:22:43.086192,259,41,218,4.455780484239489,75.81790629750174,1.8507252513901449,2.35433637559977,4.817441500708114,65.61165891789675
Malindi,Rabai,2025-06-01 23:22:43.086192,248,39,208,2.848228627783455,79.88084318537287,3.2261322738392697,9.202051077103265,1.978528351576467,52.27470275228637
Malindi,Rabai,2025-07-01 23:22:43.086192,204,47,156,3.4733272276790865,92.65561717256018,3.8279810531405603,6.639107985101038,6.416645811516581,51.75549863901932
Malindi,Rabai,2025-08-01 23:22:43.086192,193,30,162,0.8251411607772177,84.9132087315003,2.976021502369013,4.328235794783034,5.199759042571597,79.64224105186769
Malindi,Rabai,2025-09-01 23:22:43.086192,163,34,128,0.8094341300911163,94.46259458711563,1.9715215710052911,2.439132492722562,5.0437442095157206,44.12971867714284
Malindi,Rabai,2025-10-01 23:22:43.086192,158,25,132,1.0143952115395316,90.21315981466108,4.845283113232919,9.604602304317044,7.994303111893286,71.74901392355827
Malindi,Rabai,2025-11-01 23:22:43.086192,244,38,205,1.504674208252575,73.68758482427673,3.4541947164975992,9.900957971019887,5.446083438412423,54.8256634961515
Malindi,Rabai,2025-12-01 23:22:43.086192,283,44,239,0.9351138607488194,85.68774243404839,4.492667743445828,7.9589071463125025,7.701047588046528,70.1453037335819
Malindi,Rabai,2026-01-01 23:22:43.086192,322,63,258,4.249373812588368,91.85535782442551,2.0741152611303764,7.474218303526311,2.01151615139939,84.73308458179424
Malindi,Rabai,2026-02-01 23:22:43.086192,301,62,238,2.9801091634655683,88.02723322000811,4.582083004987286,8.491481949656798,2.5419162446623442,64.38042779363809
